CASE_ID,ACCIDENT_YEAR,PROC_DATE,JURIS,COLLISION_DATE,COLLISION_TIME,OFFICER_ID,REPORTING_DISTRICT,DAY_OF_WEEK,CHP_SHIFT,POPULATION,CNTY_CITY_LOC,SPECIAL_COND,BEAT_TYPE,CHP_BEAT_TYPE,CITY_DIVISION_LAPD,CHP_BEAT_CLASS,BEAT_NUMBER,PRIMARY_RD,SECONDARY_RD,DISTANCE,DIRECTION,INTERSECTION,WEATHER_1,WEATHER_2,STATE_HWY_IND,CALTRANS_COUNTY,CALTRANS_DISTRICT,STATE_ROUTE,ROUTE_SUFFIX,POSTMILE_PREFIX,POSTMILE,LOCATION_TYPE,RAMP_INTERSECTION,SIDE_OF_HWY,TOW_AWAY,COLLISION_SEVERITY,NUMBER_KILLED,NUMBER_INJURED,PARTY_COUNT,PRIMARY_COLL_FACTOR,PCF_CODE_OF_VIOL,PCF_VIOL_CATEGORY,PCF_VIOLATION,PCF_VIOL_SUBSECTION,HIT_AND_RUN,TYPE_OF_COLLISION,MVIW,PED_ACTION,ROAD_SURFACE,ROAD_COND_1,ROAD_COND_2,LIGHTING,CONTROL_DEVICE,CHP_ROAD_TYPE,PEDESTRIAN_ACCIDENT,BICYCLE_ACCIDENT,MOTORCYCLE_ACCIDENT,TRUCK_ACCIDENT,NOT_PRIVATE_PROPERTY,ALCOHOL_INVOLVED,STWD_VEHTYPE_AT_FAULT,CHP_VEHTYPE_AT_FAULT,COUNT_SEVERE_INJ,COUNT_VISIBLE_INJ,COUNT_COMPLAINT_PAIN,COUNT_PED_KILLED,COUNT_PED_INJURED,COUNT_BICYCLIST_KILLED,COUNT_BICYCLIST_INJURED,COUNT_MC_KILLED,COUNT_MC_INJURED,PRIMARY_RAMP,SECONDARY_RAMP,LATITUDE,LONGITUDE,COUNTY,CITY,POINT_X,POINT_Y
94469422,2024,2024-11-14,9151,2024-10-17,1400,023182,,4,2,9,1700,0,1,3,,1,012,SR-20,"COUNTRY CLUB DR",330.00,W,N,A,-,Y,LAK,,20," "," ",17.878,H,,R,Y,2,0,1,3,A,-,08,22107,,N,B,2,A,A,H,-,A,D,0,,,Y,,Y,Y,-,"- ",1,0,0,0,0,0,0,0,1,"- ","- ",39.083381652832031,-122.79080200195312,LAKE,UNINCORPORATED,-122.79084014892578,39.083362579345703
90263873,2016,2016-09-08,9151,2016-09-03,1035,019533,,6,1,9,1700,0,2,4,,2,043,"LAKESHORE BLVD.","RAINBOW RD.",528.00,N,N,A,-,N,,,,,,,,,,N,2,0,1,2,A,-,03,22350,,N,C,C,A,A,H,-,A,D,0,,,Y,,Y,,C,02,1,0,0,0,0,0,0,0,1,"- ","- ",39.065350000000002,-122.91336,LAKE,UNINCORPORATED,-122.91341459,39.065229989999999
8652551,2018,2018-12-17,1702,2018-08-20,0830,217,6A,1,5,3,1702,0,0,0,,0,,"RT 53","DAM RD",0.00,,Y,A,-,Y,LAK,1,53,-,-,1.470,I,5,N,Y,2,0,1,3,A,-,03,22350,,N,B,C,A,A,H,-,A,A,0,,,Y,,Y,,C,02,1,0,0,0,0,0,0,0,1,"- ","- ",38.930019378662109,-122.61887359619141,LAKE,CLEARLAKE,-122.61882781982422,38.930038452148438
9690781,2024,2024-07-01,1702,2024-03-22,2007,229,,5,5,3,1702,0,0,0,,0,,"AUSTIN DR","RT 53",813.00,W,N,C,-,N,,,,,,,,,,Y,2,0,2,2,A,-,01,23152,A,N,A,C,A,B,H,-,D,D,0,,,,,Y,Y,A,07,2,0,0,0,0,0,0,0,0,"- ","- ",38.958961486816406,-122.63420867919922,LAKE,CLEARLAKE,,
91499415,2021,2021-06-17,9151,2021-06-11,0030,021255,,5,3,9,1700,0,3,5,,2,002,"SULPHUR BANK ROAD",SR-20,20.00,N,N,A,-,Y,,,,,,,,,,Y,2,0,2,1,A,-,12,22450,A,N,E,I,A,A,H,-,D,D,0,,,,,Y,,A,01,2,0,0,0,0,0,0,0,0,"- ","- ",39.020420074462891,-122.64871215820312,LAKE,UNINCORPORATED,-122.64894866943359,39.020408630371094
91751614,2022,2022-04-19,9151,2022-04-10,0317,020326,,7,3,9,1700,0,3,5,,2,008,"BUTTS CANYON ROAD","GUENOC ROAD",10560.00,E,N,A,-,N,,,,,,,,,,Y,2,0,1,1,A,-,01,23152,A,N,E,I,A,A,H,-,D,D,0,,,,,Y,Y,A,07,1,0,0,0,0,0,0,0,0,"- ","- ",38.712440490722656,-122.48021697998047,LAKE,UNINCORPORATED,,
94400196,2024,2024-09-19,9151,2024-08-20,1723,023559,,2,2,9,1700,0,1,3,,1,022,SR-20,SR-53,20.00,N,N,A,-,Y,LAK,,20," "," ",31.582,H,,R,Y,2,0,1,1,A,-,03,22350,,N,E,I,A,A,H,-,A,D,0,,,,,Y,,D,22,1,0,0,0,0,0,0,0,0,"- ","- ",39.008518218994141,-122.61438751220703,LAKE,UNINCORPORATED,-122.61444091796875,39.008758544921875
91674920,2021,2022-01-10,9151,2021-09-20,1421,020354,,1,2,9,1700,0,1,3,,1,011,SR-20,"BACHELOR VALLEY ROAD",3168.00,W,N,A,-,Y,,,20,,,,,,,Y,1,1,0,1,A,-,01,23152,A,N,E,8,A,A,D,-,A,A,0,,,,,Y,Y,A,01,0,0,0,0,0,0,0,0,0,"- ","- ",39.174720764160156,-122.95288848876953,LAKE,UNINCORPORATED,-122.95286560058594,39.174644470214844
92332923,2024,2024-03-08,9151,2024-03-05,"120 ",023648,,2,3,9,1700,0,2,4,,2,043,"NICE-LUCERNE CUTOFF","WEST LAKE RD",250.00,E,N,B,-,N,,,,,,,,,,Y,2,0,1,1,A,-,01,23152,A,N,E,I,A,B,H,-,D,D,0,,,,,Y,Y,A,07,1,0,0,0,0,0,0,0,0,"- ","- ",39.117118835449219,-122.90200042724609,LAKE,UNINCORPORATED,-122.90212249755859,39.117053985595703
6292895,2017,2019-04-05,1702,2017-07-12,2054,196,B,3,5,3,1702,0,0,0,,0,,"OLYMPIC DR","RT 53",295.00,W,N,A,-,N,,,,,,,,,,Y,1,1,2,2,A,-,05,21460,A,N,A,C,A,A,H,-,B,D,0,,,,,Y,Y,A,01,0,2,0,0,0,0,0,0,0,"- ","- ",38.961829999999999,-122.63129000000001,LAKE,CLEARLAKE,-122.61978877,38.964474850000002
6599718,2014,2016-04-23,9151,2014-07-12,0940,019718,,6,1,9,1700,0,1,3,,1,011,"RT 20","40TH AV",80.00,E,N,A,-,Y,LAK,1,20,-,-,17.070,H,-,W,Y,2,0,1,2,A,-,01,23152,A,N,C,E,A,A,H,-,A,D,0,,,,,Y,Y,A,07,1,0,0,0,0,0,0,0,0,"- ","- ",39.09281,-122.79863,LAKE,UNINCORPORATED,-122.79887207,39.093023950000003
7006244,2015,2017-03-28,9151,2015-06-18,1516,16093,,4,2,9,1700,0,1,3,,1,011,"RT 20","GROVE ST",140.00,W,N,A,-,Y,LAK,1,20,-,-,16.590,H,-,W,Y,1,1,0,1,A,-,01,23152,A,N,E,I,A,A,D,-,A,D,0,,,,,Y,Y,A,01,0,0,0,0,0,0,0,0,0,"- ","- ",39.098660000000002,-122.80374999999999,LAKE,UNINCORPORATED,-122.80408833,39.098826330000001
90548100,2017,2017-09-14,9151,2017-09-07,0758,021255,,4,1,9,1700,0,3,5,,2,008,"BUTTS CANYON RD","LAKE / NAPA COUNTY LINE",2112.00,W,N,B,F,N,,,,,,,,,,Y,2,0,1,1,A,-,08,22107,,N,F,A,A,B,H,-,A,D,0,,,,,Y,,A,01,1,0,0,0,0,0,0,0,0,"- ","- ",38.708669999999998,-122.47086,LAKE,UNINCORPORATED,-122.47085631,38.708577239999997
90670554,2018,2018-02-27,9151,2018-02-19,0005,020949,,1,3,9,1700,0,3,5,,2,005,"BIG VALLEY RD","THOMAS DRIVE",2640.00,W,N,A,-,Y,,,,,,,,,,Y,2,0,1,1,A,-,08,22107,,N,E,I,A,A,H,-,D,D,0,,,,,Y,,A,01,1,0,0,0,0,0,0,0,0,"- ","- ",39.003719329833984,-122.88471221923828,LAKE,UNINCORPORATED,-122.87812042236328,39.003871917724609
91799233,2022,2022-06-20,9151,2022-06-14,1035,019076,,2,1,9,1700,0,1,3,,2,018,SR-29,"C STREET",1584.00,N,N,A,-,Y,LAK,,29,,,18.070,H,,R,Y,2,0,1,1,A,-,08,22107,,N,E,8,A,A,H,-,A,D,0,,,,,Y,,D,22,1,0,0,0,0,0,0,0,0,"- ","- ",38.881851196289062,-122.60948181152344,LAKE,UNINCORPORATED,-122.6094970703125,38.881870269775391
91934434,2022,2022-12-05,9151,2022-11-24,1610,022727,,4,2,9,1700,0,3,5,,2,001,"GARDEN DRIVE","POLK STREET",90.00,E,N,A,-,Y,,,,,,,,,,N,2,0,1,1,A,-,08,22107,,N,H,A,A,A,H,-,A,D,0,,,Y,,Y,,C,02,1,0,0,0,0,0,0,0,1,"- ","- ",39.132961273193359,-122.86821746826172,LAKE,UNINCORPORATED,-122.86795043945312,39.132926940917969
90218132,2016,2016-07-07,9151,2016-06-23,1735,019811,,4,2,9,1700,0,1,3,,1,024,SR-29,"DIENER DR",2640.00,N,N,A,-,Y,,,29,,,,,,,Y,2,0,1,1,A,-,08,22107,,N,E,I,A,A,H,-,A,D,0,,,,,Y,,A,01,1,0,0,0,0,0,0,0,0,"- ","- ",38.916040000000002,-122.69412,LAKE,UNINCORPORATED,-122.69411027,38.916118390000001
91378637,2020,2020-12-31,9151,2020-12-22,1137,015435,,2,1,9,1700,0,1,3,,1,013,"SR-29 N/B","NICE/LUCERNE CUTOFF",2112.00,S,N,A,-,Y,,,29,,,,,,N,Y,2,0,1,1,A,-,08,22107,,N,F,A,A,A,H,-,A,D,0,,,,,Y,,D,22,1,0,0,0,0,0,0,0,0,"- ","- ",39.113311767578125,-122.90701293945312,LAKE,UNINCORPORATED,-122.90709686279297,39.113395690917969
92114810,2023,2023-07-12,9151,2023-01-15,"630 ",022544,,7,1,9,1700,0,1,3,,1,024,SR-29,"DIENER DR",6864.00,N,N,C,-,Y,LAK,,29," "," ",25.065,H,,R,Y,1,1,3,2,A,-,05,21460,A,N,A,C,A,B,H,-,B,A,0,,,,,Y,,D,22,3,0,0,0,0,0,0,0,0,"- ","- ",38.915420532226562,-122.69159698486328,LAKE,UNINCORPORATED,-122.69158172607422,38.915443420410156
9628469,2023,2023-10-20,1702,2023-08-12,"147 ",209,D,6,5,3,1702,0,0,0,,0,,"OLD HWY 53","CLEMENT DR",32.00,E,N,A,-,N,,,,,,,,,,N,2,0,1,2,A,-,11,21950,B,F,G,B,D,A,H,-,C,D,0,Y,,,,Y,Y,N,60,1,0,0,0,1,0,0,0,0,"- ","- ",38.944610595703125,-122.63088989257812,LAKE,CLEARLAKE,,
90577322,2017,2017-10-24,9151,2017-10-14,2500,019533,,6,4,9,1700,0,1,3,,1,013,SR-29,"MOCKINGBIRD LN.",800.00,N,N,A,-,Y,,,29,,,,,,,Y,2,0,1,1,A,-,01,23152,A,N,E,I,A,A,H,-,A,D,0,,,,,Y,Y,A,07,1,0,0,0,0,0,0,0,0,"- ","- ",39.13973,-122.91182000000001,LAKE,UNINCORPORATED,-122.91170271999999,39.139847279999998
6291642,2014,2014-11-25,9151,2014-08-30,0338,19714,,6,3,9,1700,0,1,3,,1,011,"RT 20","BARTLETT SPRINGS RD",2640.00,E,N,A,-,Y,LAK,1,20,-,-,15.790,H,-,W,Y,1,1,0,1,A,-,01,23152,E,N,E,I,A,A,H,-,D,D,0,,,,,Y,,A,07,0,0,0,0,0,0,0,0,0,"- ","- ",39.105519999999999,-122.81232,LAKE,UNINCORPORATED,-122.81440196,39.107375259999998
9622266,2023,2023-12-05,1702,2023-10-13,2036,253,C,5,5,3,1702,0,0,0,,0,,"W 40TH ST","MULLEN AVE",0.00,,Y,A,-,N,,,,,,,,,,N,2,0,1,2,A,-,03,22350,,F,H,G,A,A,H,-,B,D,0,,Y,,,Y,,D,22,1,0,0,0,0,0,1,0,0,"- ","- ",38.955001831054688,-122.63876342773438,LAKE,CLEARLAKE,-122.63887023925781,38.954933166503906
90091457,2015,2016-01-08,9151,2015-12-19,1341,018337,,6,1,9,1700,0,1,3,,1,011,SR-20,"BLUE LAKES ROAD",74.00,E,N,A,-,Y,,,20,,,,,,,Y,2,0,4,3,A,-,03,22350,,N,C,C,A,B,H,-,A,D,0,,,,,Y,,E,22,1,1,2,0,0,0,0,0,0,"- ","- ",39.186450000000001,-123.02912000000001,LAKE,UNINCORPORATED,-123.02910673,39.186484180000001
92037662,2022,2023-06-09,9151,2022-06-19,0010,019076,,7,3,9,1700,0,1,3,,1,011,SR-20,"MANZANITA RD",251.00,E,N,A,-,Y,LAK,,20,,,13.376,H,,R,N,1,1,0,2,A,-,08,22107,,F,G,B,E,A,H,-,D,D,0,Y,,,,Y,,A,08,0,0,0,1,0,0,0,0,0,"- ","- ",39.122791290283203,-122.8519287109375,LAKE,UNINCORPORATED,-122.8519287109375,39.122817993164062
92290384,2024,2024-01-18,9151,2024-01-07,1356,017904,,7,1,9,1700,0,1,3,,2,015,SR29,"HIGHLAND SPRINGS RD.",0.00,,Y,A,-,Y,LAK,,29," ",R,38.595,H,,R,Y,2,0,4,2,A,-,12,21453,A,N,D,C,A,A,H,-,A,A,0,,,,,Y,,A,01,1,3,0,0,0,0,0,0,0,"- ","- ",39.000850677490234,-122.89405059814453,LAKE,UNINCORPORATED,-122.89402008056641,39.000888824462891
8436206,2017,2017-09-15,1702,2017-08-29,1922,196,A,2,5,3,1702,0,0,0,,0,,"9TH ST","BUSH ST",518.00,S,N,A,-,N,,,,,,,,,,N,2,0,1,2,A,-,05,21650,1,N,H,G,A,A,H,-,A,D,0,,Y,,,Y,Y,L,04,1,0,0,0,0,0,1,0,0,"- ","- ",,,LAKE,CLEARLAKE,-122.66097961,38.974807259999999
9640102,2023,2025-06-24,1702,2023-10-16,1906,217,B,1,5,3,1702,0,0,0,,0,,ARROWHEAD,"VISTA ST",0.00,,Y,A,-,N,,,,,,,,,,Y,1,1,0,2,A,-,03,22350,,N,A,C,A,A,H,-,B,D,0,,,Y,,Y,,C,02,0,0,0,0,0,0,0,1,0,"- ","- ",38.969089508056641,-122.64732360839844,LAKE,CLEARLAKE,-122.64739990234375,38.969100952148438
90737491,2018,2018-05-30,9151,2018-05-25,0810,019076,,5,1,9,1700,0,1,3,,1,017,SR-175,SR-29,19008.00,E,N,A,-,Y,,,175,,,,,,,Y,2,0,2,1,A,-,03,22350,,N,F,A,A,A,H,-,A,A,0,,,,Y,Y,,G,27,1,1,0,0,0,0,0,0,0,"- ","- ",38.935520172119141,-122.78224945068359,LAKE,UNINCORPORATED,-122.78224945068359,38.935504913330078
91587184,2021,2021-10-04,9151,2021-09-25,0944,022397,,6,1,9,1700,0,3,5,,2,002,"DOE TRAIL","WOLF CREEK ROAD",2640.00,E,N,A,-,N,,,,,,,,,,N,2,0,1,1,A,-,08,22107,,N,F,A,A,A,H,-,A,D,0,,,Y,,Y,,C,06,1,0,0,0,0,0,0,0,1,"- ","- ",39.082260131835938,-122.59855651855469,LAKE,UNINCORPORATED,-122.59787750244141,39.081943511962891
6718289,2014,2015-04-07,9151,2014-12-26,2040,19430,,5,2,9,1700,0,1,3,,1,011,"RT 20","IRVINE AV",13.00,E,N,A,-,Y,LAK,1,20,-,-,2.570,H,-,W,N,1,1,0,2,A,-,11,21954,A,N,G,B,D,A,H,-,D,D,0,Y,,,,Y,Y,N,60,0,0,0,1,0,0,0,0,0,"- ","- ",39.169020000000003,-123.00626,LAKE,UNINCORPORATED,-123.00624827,39.168964369999998
90664933,2018,2018-02-20,9151,2018-02-15,1115,019811,,4,1,9,1700,0,1,3,,2,015,SR-29,"MERRITT ROAD",0.00,,Y,A,-,Y,,,29,,,,,,,Y,2,0,1,2,A,-,09,21801,A,N,A,C,A,A,H,-,A,D,0,,,,,Y,,A,01,1,0,0,0,0,0,0,0,0,"- ","- ",38.982139587402344,-122.85362243652344,LAKE,UNINCORPORATED,-122.85356903076172,38.982227325439453
90947744,2019,2019-03-18,9151,2019-03-12,1529,020354,,2,2,9,1700,0,1,3,,1,016,"SR-53 N/B","DAM ROAD",2640.00,S,N,A,-,Y,,,53,,,,,,N,Y,2,0,1,1,A,-,08,22107,,N,E,I,A,A,H,-,A,D,0,,,,,Y,,D,22,1,0,0,0,0,0,0,0,0,"- ","- ",38.924751281738281,-122.61418151855469,LAKE,UNINCORPORATED,-122.61420440673828,38.924728393554688
90142252,2016,2016-03-23,9151,2016-03-14,1843,021199,,1,2,9,1700,0,3,5,,2,001,"COUNTRY CLUB DR","ROBIN HOOD WAY",0.00,,Y,A,-,N,,,,,,,,,,N,2,0,1,2,A,-,11,21954,A,N,G,B,D,A,H,-,A,D,0,Y,,,,Y,,N,60,1,0,0,0,1,0,0,0,0,"- ","- ",39.09684,-122.79525,LAKE,UNINCORPORATED,-122.79524988,39.096839959999997
91908762,2022,2022-11-03,9151,2022-09-27,0115,020955,,2,3,9,1700,0,1,3,,1,011,SR-20,"HOWARD AVENUE",95.00,E,N,A,-,Y,LAK,,20,,,13.860,H,,R,Y,2,0,2,1,A,-,08,22107,,F,E,I,A,A,H,-,C,D,0,,,,,Y,,A,07,1,0,1,0,0,0,0,0,0,"- ","- ",39.122791290283203,-122.84278869628906,LAKE,UNINCORPORATED,-122.84284210205078,39.122676849365234
94701536,2025,2025-05-27,9151,2025-05-18,1545,017904,,7,2,9,1700,0,3,5,,2,003,"SCOTTS CREEK RD. EOF BUCKHORN RD.","BUCKHORN RD.",2640.00,E,N,A,-,N,,,,,,,,,,N,2,0,2,1,A,-,01,23152,A,N,F,I,A,A,G,-,A,D,0,,,Y,,Y,Y,C,02,2,0,0,0,0,0,0,0,2,"- ","- ",39.048011779785156,-123.03134918212891,LAKE,UNINCORPORATED,,
6869800,2015,2016-09-27,9151,2015-02-27,0330,019430,,5,3,9,1700,0,1,3,,1,011,"RT 20","POMO WY",1056.00,W,N,A,-,Y,LAK,1,20,-,-,10.950,H,-,E,N,2,0,1,2,A,-,03,22350,,N,G,B,E,A,C,-,D,D,0,Y,,,,Y,,A,08,1,0,0,0,1,0,0,0,0,"- ","- ",39.145269999999996,-122.88518000000001,LAKE,UNINCORPORATED,-122.88418428,39.143701280000002
91262029,2020,2020-07-02,9151,2020-06-27,1012,022397,,6,1,9,1700,0,1,3,,1,022,SR-20,"NEW LONG VALLEY ROAD",3696.00,E,N,A,-,Y,,,20,,,,,,,Y,2,0,1,1,A,-,08,22107,,N,E,I,A,A,H,-,A,D,0,,,Y,,Y,,C,02,1,0,0,0,0,0,0,0,1,"- ","- ",39.010921478271484,-122.56022644042969,LAKE,UNINCORPORATED,-122.560302734375,39.010890960693359
91319735,2020,2020-10-07,9151,2020-09-27,0032,022419,,7,3,9,1700,0,1,3,,1,013,SR-29,"MOCKINGBIRD LN.",112.00,N,N,A,-,Y,,,29,,,,,,,Y,2,0,1,1,A,-,01,23152,A,N,F,A,A,A,H,-,C,D,0,,,,,Y,Y,D,22,1,0,0,0,0,0,0,0,0,"- ","- ",39.141201019287109,-122.91298675537109,LAKE,UNINCORPORATED,-122.91300964355469,39.141178131103516
91412359,2021,2021-02-22,9151,2021-02-11,1135,015435,,4,1,9,1700,0,2,4,,2,043,"NICE LUCERNE CUTOFF","LAKESHORE BOULEVARD",1584.00,E,N,C,-,N,,,,,,,,,,Y,2,0,1,1,A,-,08,22107,,N,F,A,A,B,H,-,A,D,0,,,,,Y,,A,01,1,0,0,0,0,0,0,0,0,"- ","- ",39.120941162109375,-122.89041900634766,LAKE,UNINCORPORATED,-122.89810180664062,39.117164611816406
91800393,2022,2022-06-21,9151,2022-06-16,1825,022727,,4,2,9,1700,0,1,3,,1,011,SR-20,"STANFORD AVE",870.00,E,N,B,-,Y,LAK,,20,,,15.824,H,,R,Y,2,0,2,1,A,-,08,22107,,N,E,I,A,A,H,-,A,A,0,,,,,Y,,A,01,2,0,0,0,0,0,0,0,0,"- ","- ",39.106758117675781,-122.81352233886719,LAKE,UNINCORPORATED,-122.81348419189453,39.106800079345703
9000841,2019,2020-01-07,1702,2019-11-17,1811,214,D,7,5,3,1702,0,0,0,,0,,"OLD HWY 53","AIRPORT RD",0.00,,Y,A,-,N,,,,,,,,,,N,2,0,1,2,A,-,03,22350,,F,G,B,E,A,H,-,D,D,0,Y,,,,Y,,A,01,1,0,0,0,1,0,0,0,0,"- ","- ",38.976360321044922,-122.61270141601562,LAKE,CLEARLAKE,-122.62458801269531,38.933238983154297
90371324,2017,2017-02-06,9151,2017-01-05,1600,020927,,4,2,9,1700,0,3,5,,2,004,"KEYS BLVD","MARINA VILLAGE",131.00,N,N,A,-,N,,,,,,,,,,N,2,0,1,2,A,-,11,21954,A,N,G,B,E,A,H,-,A,D,0,Y,,,,Y,,N,60,1,0,0,0,1,0,0,0,0,"- ","- ",39.022469999999998,-122.66098,LAKE,UNINCORPORATED,-122.66021752,39.025015189999998
90973030,2018,2019-09-27,9151,2018-11-24,2223,021759,,6,3,9,1700,0,1,3,,2,018,SR-29,"GRANGE RD",650.00,S,N,A,-,Y,,,29,,,,,,,Y,1,2,0,2,A,-,01,23152,A,N,A,C,A,B,H,-,D,D,0,,,,,Y,Y,A,01,0,0,0,0,0,0,0,0,0,"- ","- ",38.782260894775391,-122.56955718994141,LAKE,UNINCORPORATED,-122.56951141357422,38.782234191894531
91671125,2021,2022-01-05,9151,2021-12-22,0750,017141,,3,1,9,1700,0,2,4,,2,025,"SODA BAY RD","WESTLAKE DR.",2640.00,W,N,B,C,N,,,,,,,,,,N,2,0,1,1,A,-,01,23152,A,N,E,I,A,B,H,-,A,D,0,,,,,Y,Y,D,22,1,0,0,0,0,0,0,0,0,"- ","- ",39.004928588867188,-122.76576232910156,LAKE,UNINCORPORATED,-122.77017974853516,39.006954193115234
90839769,2018,2018-10-19,9151,2018-07-30,0155,021152,,1,3,9,1700,0,1,3,,2,018,SR-29,"A STREET",760.00,S,N,A,-,Y,,,29,,,,,,,Y,1,1,2,2,A,-,05,21460,A,N,A,C,A,A,H,-,D,D,0,,,,,Y,Y,A,01,0,2,0,0,0,0,0,0,0,"- ","- ",38.865940093994141,-122.62397003173828,LAKE,UNINCORPORATED,-122.62396240234375,38.865936279296875
90887180,2018,2018-12-20,9151,2018-12-17,2158,021255,,1,2,9,1700,0,3,5,,2,002,"NEW LONG VALLEY ROAD","OLD LONG VALLEY ROAD",3168.00,N,N,A,-,N,,,,,,,,,,Y,2,0,1,1,A,-,01,23152,A,N,E,I,A,A,H,-,D,D,0,,,,,Y,Y,A,07,1,0,0,0,0,0,0,0,0,"- ","- ",39.063819885253906,-122.59613800048828,LAKE,UNINCORPORATED,-122.59542846679688,39.063323974609375
91281693,2020,2020-08-06,9151,2020-07-25,0109,022397,,6,3,9,1700,0,1,3,,1,013,"SR-29 N/B","PARK WAY",4224.00,S,N,A,-,Y,,,29,,,,,,N,Y,2,0,1,1,A,-,08,22107,,N,E,I,A,A,H,-,D,D,0,,,,,Y,,D,22,1,0,0,0,0,0,0,0,0,"- ","- ",39.070960998535156,-122.93108367919922,LAKE,UNINCORPORATED,-122.93117523193359,39.070972442626953
91663943,2021,2022-01-04,9151,2021-12-23,1630,020522,,4,2,9,1700,0,1,3,,1,012,SR-20,"HILLSIDE LANE",25.00,W,N,B,C,Y,,,20,,,,,,,Y,2,0,4,2,A,-,05,21460,A,N,A,C,A,B,H,-,A,D,0,,,,,Y,,A,07,1,0,3,0,0,0,0,0,0,"- ","- ",39.019718170166016,-122.68628692626953,LAKE,UNINCORPORATED,-122.68628692626953,39.019706726074219
91813357,2022,2022-07-08,9151,2022-06-29,0937,022881,,3,1,9,1700,0,1,3,,1,013,"SR 29 S/O HILL RD OVERCROSS","HILL ROAD OVER CROSSING",1584.00,S,N,A,-,Y,LAK,,29,,R,43.625,H,,R,Y,2,0,2,1,A,-,01,23152,A,M,F,I,A,A,H,-,A,D,0,,,,,Y,Y,A,07,1,1,0,0,0,0,0,0,0,"- ","- ",39.0635986328125,-122.93219757080078,LAKE,UNINCORPORATED,-122.93189239501953,39.063625335693359
92424067,2024,2024-06-26,9151,2024-06-18,"630 ",019181,,2,1,9,1700,0,1,3,,1,013,SR-29,"MOCKINGBIRD LANE",1076.00,N,N,A,-,Y,LAK,,29," ",R,49.422,H,,R,Y,2,0,1,1,A,-,08,22107,,N,E,I,A,A,H,-,A,D,0,,,,,Y,,D,22,1,0,0,0,0,0,0,0,0,"- ","- ",39.140148162841797,-122.91213226318359,LAKE,UNINCORPORATED,-122.91204833984375,39.14019775390625
9621093,2023,2023-11-02,1702,2023-09-25,1630,240,A,1,5,3,1702,0,0,0,,0,,"10TH ST","COUNTRY CLUB DR",428.00,N,N,A,-,N,,,,,,,,,,N,2,0,1,1,A,-,00,23103,,N,E,I,A,A,H,-,A,D,0,,,Y,,Y,,C,02,1,0,0,0,0,0,0,0,1,"- ","- ",38.973289489746094,-122.66175079345703,LAKE,CLEARLAKE,-122.66169738769531,38.981781005859375
90062676,2015,2015-12-01,9151,2015-11-12,2005,019200,,4,2,9,1700,0,2,4,,2,043,"LAKESHORE BLVD","ROCKY POINT ROAD",1584.00,S,N,A,-,N,,,,,,,,,,Y,2,0,2,3,A,-,08,22107,,N,D,C,A,A,H,-,D,D,0,,,,,Y,,A,01,1,0,1,0,0,0,0,0,0,"- ","- ",39.082729999999998,-122.90430000000001,LAKE,UNINCORPORATED,-122.90431083,39.082645710000001
91194889,2020,2020-07-09,9151,2020-01-12,1611,022419,,7,2,9,1700,0,1,3,,1,011,SR-20,"IRVINE AVE.",371.00,W,N,B,C,Y,,,20,,,,,,,Y,1,1,3,3,A,-,05,21460,A,N,B,C,A,B,H,-,A,D,0,,,,,Y,,D,22,0,1,2,0,0,0,0,0,0,"- ","- ",39.169971466064453,-123.00710296630859,LAKE,UNINCORPORATED,-123.00711059570312,39.169956207275391
92124760,2023,2023-07-24,9151,2023-07-16,1700,022957,,7,2,9,1700,0,1,3,,1,011,SR-20,"KEELING AVE",9.00,E,N,A,-,Y,LAK,,20," "," ",13.706,H,,R,N,2,0,1,2,D,-,00,,,N,G,B,D,A,H,-,A,A,0,Y,,,,Y,,-,"- ",1,0,0,0,1,0,0,0,0,"- ","- ",39.123081207275391,-122.84568023681641,LAKE,UNINCORPORATED,-122.84568023681641,39.12298583984375
8699452,2018,2018-10-01,1701,2018-09-09,1349,36,3F,7,5,2,1701,0,0,0,,0,,"LAKEPORT BL","LAKEPORT BL 420",0.00,,Y,A,-,N,,,,,,,,,,Y,2,0,1,2,A,-,08,22107,,F,E,I,A,A,H,-,A,D,0,,,,,Y,Y,A,01,1,0,0,0,0,0,0,0,0,"- ","- ",,,LAKE,LAKEPORT,-122.917531,39.034630999999997
9295514,2021,2021-09-08,1702,2021-07-03,1236,235,,6,5,3,1702,0,0,0,,0,,"DAM RD","POLE #120475987",90.00,E,N,A,-,N,,,,,,,,,,Y,2,0,1,1,A,-,08,22107,,N,E,J,A,A,H,-,A,D,0,,,,,Y,Y,A,01,1,0,0,0,0,0,0,0,0,"- ","- ",38.926101684570312,-122.61181640625,LAKE,CLEARLAKE,,