CASE_ID,ACCIDENT_YEAR,PROC_DATE,JURIS,COLLISION_DATE,COLLISION_TIME,OFFICER_ID,REPORTING_DISTRICT,DAY_OF_WEEK,CHP_SHIFT,POPULATION,CNTY_CITY_LOC,SPECIAL_COND,BEAT_TYPE,CHP_BEAT_TYPE,CITY_DIVISION_LAPD,CHP_BEAT_CLASS,BEAT_NUMBER,PRIMARY_RD,SECONDARY_RD,DISTANCE,DIRECTION,INTERSECTION,WEATHER_1,WEATHER_2,STATE_HWY_IND,CALTRANS_COUNTY,CALTRANS_DISTRICT,STATE_ROUTE,ROUTE_SUFFIX,POSTMILE_PREFIX,POSTMILE,LOCATION_TYPE,RAMP_INTERSECTION,SIDE_OF_HWY,TOW_AWAY,COLLISION_SEVERITY,NUMBER_KILLED,NUMBER_INJURED,PARTY_COUNT,PRIMARY_COLL_FACTOR,PCF_CODE_OF_VIOL,PCF_VIOL_CATEGORY,PCF_VIOLATION,PCF_VIOL_SUBSECTION,HIT_AND_RUN,TYPE_OF_COLLISION,MVIW,PED_ACTION,ROAD_SURFACE,ROAD_COND_1,ROAD_COND_2,LIGHTING,CONTROL_DEVICE,CHP_ROAD_TYPE,PEDESTRIAN_ACCIDENT,BICYCLE_ACCIDENT,MOTORCYCLE_ACCIDENT,TRUCK_ACCIDENT,NOT_PRIVATE_PROPERTY,ALCOHOL_INVOLVED,STWD_VEHTYPE_AT_FAULT,CHP_VEHTYPE_AT_FAULT,COUNT_SEVERE_INJ,COUNT_VISIBLE_INJ,COUNT_COMPLAINT_PAIN,COUNT_PED_KILLED,COUNT_PED_INJURED,COUNT_BICYCLIST_KILLED,COUNT_BICYCLIST_INJURED,COUNT_MC_KILLED,COUNT_MC_INJURED,PRIMARY_RAMP,SECONDARY_RAMP,LATITUDE,LONGITUDE,COUNTY,CITY,POINT_X,POINT_Y
9573856,2023,2023-05-09,1702,2023-04-02,1400,217,,7,5,3,1702,0,0,0,,0,,"AUSTIN RD","MAPLE ST",26.00,W,N,A,-,N,,,,,,,,,,Y,2,0,2,1,A,-,07,21658,A,F,E,I,A,A,H,-,A,D,0,,,,,Y,Y,D,22,1,0,1,0,0,0,0,0,0,"- ","- ",38.958850860595703,-122.63887023925781,LAKE,CLEARLAKE,-122.63892364501953,38.958839416503906
90873635,2018,2018-12-03,9151,2018-11-21,1350,019811,,3,1,9,1700,0,1,3,,1,022,SR-20,"WALKER RIDGE ROAD",2100.00,E,N,B,C,Y,,,20,,,,,,,Y,2,0,1,1,A,-,03,22350,,N,F,A,A,B,H,-,A,D,0,,,,,Y,,D,22,1,0,0,0,0,0,0,0,0,"- ","- ",39.019989013671875,-122.44745635986328,LAKE,UNINCORPORATED,-122.447509765625,39.019924163818359
91962037,2022,2023-01-06,9151,2022-12-23,1158,022957,,5,1,9,1700,0,1,3,,1,012,SR-20,"FOOTHILL BLVD",0.00,,Y,A,-,Y,LAK,,20,,,27.799,H,,R,N,2,0,1,2,A,-,09,21802,A,N,D,G,A,A,H,-,A,A,0,,Y,,,Y,,L,04,1,0,0,0,0,0,1,0,0,"- ","- ",39.022079467773438,-122.67539215087891,LAKE,UNINCORPORATED,-122.67536163330078,39.022075653076172
90935506,2019,2019-02-27,9151,2019-02-17,1840,020810,,7,2,9,1700,0,1,3,,2,018,SR-29,"SPRUCE GROVE RD (NORTH)",840.00,S,N,B,-,Y,,,29,,,,,,,Y,2,0,3,3,A,-,01,23153,A,N,A,C,A,A,H,-,D,D,0,,,,,Y,Y,A,01,1,2,0,0,0,0,0,0,0,"- ","- ",38.886959075927734,-122.60337066650391,LAKE,UNINCORPORATED,-122.60337829589844,38.886959075927734
91175172,2020,2020-01-28,9151,2020-01-23,0450,015435,,4,3,9,1700,0,1,3,,2,015,SR-29,"COLE CREEK RD",528.00,S,N,A,-,Y,,,29,,,,,,,Y,2,0,1,1,A,-,08,22107,,N,E,I,A,A,H,-,D,D,0,,,,,Y,,A,01,1,0,0,0,0,0,0,0,0,"- ","- ",38.949359893798828,-122.82556915283203,LAKE,UNINCORPORATED,-122.82549285888672,38.949405670166016
90830979,2018,2018-10-08,9151,2018-10-04,1100,019076,,4,1,9,1700,0,1,3,,1,011,SR-20,"OAK CREST AVE",350.00,W,N,B,C,Y,,,20,,,,,,,Y,2,0,1,1,A,-,03,22350,,N,E,I,A,B,H,-,A,D,0,,,,,Y,,E,22,1,0,0,0,0,0,0,0,0,"- ","- ",39.072391510009766,-122.78225708007812,LAKE,UNINCORPORATED,-122.78229522705078,39.072372436523438
91102971,2019,2019-10-22,9151,2019-10-12,0145,021793,,6,3,9,1700,0,1,3,,2,015,SR-29,SR-175,2640.00,N,N,A,-,Y,,,29,,,,,,,Y,2,0,7,2,A,-,01,23152,A,N,A,C,A,A,H,-,D,D,0,,,,,Y,Y,A,07,1,5,1,0,0,0,0,0,0,"- ","- ",38.943279266357422,-122.80390167236328,LAKE,UNINCORPORATED,-122.80390167236328,38.943325042724609
9635143,2023,2023-12-20,1702,2023-10-29,1920,252,C,7,5,3,1702,0,0,0,,0,,"14677 LAKESHORE DR","REDBUD PARK",35.00,W,N,A,-,N,,,,,,,,,,N,2,0,1,2,A,-,03,22350,,N,G,B,E,A,H,-,C,D,0,Y,,Y,,Y,,C,02,1,0,0,0,1,0,0,0,0,"- ","- ",38.949668884277344,-122.63774108886719,LAKE,CLEARLAKE,-122.65471649169922,38.968265533447266
9786344,2024,2025-07-16,1702,2024-12-30,"353 ",249,C,1,5,3,1702,0,0,0,,0,,"LAKESHORE DR","ALVITA AV",473.00,E,N,A,-,N,,,,,,,,,,Y,1,1,0,2,A,-,01,23152,A,N,G,B,E,A,H,-,D,D,0,Y,,,,Y,Y,A,01,0,0,0,1,0,0,0,0,0,"- ","- ",38.958301544189453,-122.64605712890625,LAKE,CLEARLAKE,-122.64564514160156,38.9544677734375
91286298,2020,2020-08-14,9151,2020-07-29,1900,021761,,3,2,9,1700,0,1,3,,1,011,SR-20,"KEELING AVE.",20.00,E,N,A,-,Y,,,20,,,,,,,N,2,0,1,3,A,-,10,21950,A,F,G,B,B,A,H,-,A,D,0,Y,,,,Y,,D,23,1,0,0,0,1,0,0,0,0,"- ","- ",39.123050689697266,-122.84571075439453,LAKE,UNINCORPORATED,-122.84571075439453,39.123031616210938
92424980,2024,2024-07-01,9151,2024-06-10,1940,023581,,1,2,9,1700,0,3,5,,2,008,"SHENANDOAH ROAD","LOCH LOMOND ROAD",841.00,E,N,A,-,N,,,,,,,,,,N,2,0,1,2,A,-,21,22106,,N,G,B,E,A,H,-,A,D,0,Y,,,,Y,,A,01,1,0,0,0,1,0,0,0,0,"- ","- ",38.870071411132812,-122.68572998046875,LAKE,UNINCORPORATED,-122.6859130859375,38.870048522949219
94738910,2025,2025-06-25,9151,2025-06-15,2015,022258,,7,2,9,1700,0,3,5,,2,008,"MORGAN VALLEY ROAD","MIANTENIO RANCH ROAD",1162.00,W,N,A,-,N,,,,,,,,,,N,2,0,2,2,A,-,05,21460,A,N,B,9,A,A,H,-,A,D,0,,,Y,,Y,,C,02,2,0,0,0,0,0,0,0,2,"- ","- ",38.889518737792969,-122.49436187744141,LAKE,UNINCORPORATED,,
8911924,2020,2022-06-11,1702,2020-11-19,2159,196,6A,4,5,3,1702,0,0,0,,0,,"RT 53","18TH AV",34.00,S,N,A,-,Y,LAK,1,53,-,-,1.980,H,-,S,Y,1,1,0,2,A,-,11,21954,A,N,G,B,D,A,H,-,D,A,0,Y,,,,Y,Y,N,60,0,0,0,1,0,0,0,0,0,"- ","- ",38.936920166015625,-122.62226867675781,LAKE,CLEARLAKE,-122.62232208251953,38.936668395996094
90528659,2017,2017-08-22,9151,2017-08-20,2125,020949,,7,2,9,1700,0,3,5,,2,002,"NEW LONG VALLEY ROAD",SR-20,3168.00,N,N,A,-,N,,,,,,,,,,Y,2,0,1,1,A,-,08,22107,,N,E,I,A,A,H,-,D,D,0,,,Y,,Y,,C,02,1,0,0,0,0,0,0,0,1,"- ","- ",39.024349999999998,-122.57562,LAKE,UNINCORPORATED,-122.57631918,39.025074400000001
91125713,2019,2019-12-02,9151,2019-11-11,1740,019811,,1,2,9,1700,0,1,3,,2,015,SR-29,"LIVE OAK DRIVE.",0.00,,Y,A,-,Y,,,29,,,,,,,N,2,0,1,2,A,-,17,21200,,N,D,G,A,A,H,-,C,A,0,,Y,,,Y,,L,04,1,0,0,0,0,0,1,0,0,"- ","- ",38.972469329833984,-122.83303070068359,LAKE,UNINCORPORATED,-122.83304595947266,38.972427368164062
94595197,2024,2025-04-16,9151,2024-12-19,1755,023796,,4,2,9,1700,0,1,3,,2,018,SR-29,"HOFACKER LANE",4752.00,N,N,A,-,Y,LAK,,29," "," ",15.772,H,,R,Y,1,1,1,2,A,-,01,23152,A,N,E,8,A,A,H,-,D,D,0,,,,,Y,Y,A,01,1,0,0,0,0,0,0,0,0,"- ","- ",38.856170654296875,-122.62338256835938,LAKE,UNINCORPORATED,-122.62338256835938,38.856166839599609
94666747,2025,2025-04-28,9151,2025-04-15,1130,024423,,2,1,9,1700,0,3,5,,2,002,"SPRING VALLEY RD","BLUEBERRY WAY",161.00,N,N,A,-,Y,,,,,,,,,,N,2,0,1,2,A,-,21,22106,,N,F,A,A,A,H,-,A,D,0,,,Y,,Y,,C,02,1,0,0,0,0,0,0,0,1,"- ","- ",39.057018280029297,-122.58650207519531,LAKE,UNINCORPORATED,-122.58650207519531,39.05694580078125
90762327,2018,2018-07-03,9151,2018-06-29,1605,019076,,5,2,9,1700,0,3,5,,2,003,"SCOTTS VALLEY RD",SR-20,9504.00,S,N,A,-,N,,,,,,,,,,Y,2,0,1,1,A,-,01,23152,F,N,E,I,A,A,H,-,A,D,0,,,,,Y,,A,01,1,0,0,0,0,0,0,0,0,"- ","- ",39.137718200683594,-122.99958038330078,LAKE,UNINCORPORATED,-122.99993896484375,39.138206481933594
91200054,2020,2020-03-02,9151,2020-02-19,1233,017300,,3,1,9,1700,0,2,4,,2,043,"LAKESHORE BLVD.","ROCKY POINT ROAD",18.00,N,N,A,-,N,,,,,,,,,,Y,2,0,1,1,A,-,01,23152,A,N,E,I,A,A,H,-,A,A,0,,,,,Y,Y,A,01,1,0,0,0,0,0,0,0,0,"- ","- ",39.086929321289062,-122.90270233154297,LAKE,UNINCORPORATED,-122.90252685546875,39.08673095703125
94391407,2024,2024-09-12,9151,2024-09-09,1830,023964,,1,2,9,1700,0,3,5,,2,002,"NEW LONG VALLEY ROAD",SR-20,6336.00,N,N,A,-,N,,,,,,,,,,Y,2,0,2,1,A,-,08,22107,,N,F,A,A,A,H,-,A,D,0,,,,,Y,,A,01,2,0,0,0,0,0,0,0,0,"- ","- ",39.033260345458984,-122.57480621337891,LAKE,UNINCORPORATED,-122.57484436035156,39.033123016357422
6538322,2014,2014-08-13,9151,2014-06-12,1825,019840,,4,2,9,1700,0,3,5,,2,007,"BOTTLE ROCK RD","KAHMS LN",528.00,W,N,A,-,N,,,,,,,,,,Y,2,0,2,2,A,-,05,21460,A,N,A,C,A,A,H,-,A,D,0,,,,,Y,,A,07,1,0,1,0,0,0,0,0,0,"- ","- ",38.868749999999999,-122.68403000000001,LAKE,UNINCORPORATED,-122.76821486,38.867997840000001
6878947,2015,2016-09-27,9151,2015-03-27,0747,018337,,5,1,9,1700,0,1,3,,1,012,"RT 20","HIGH VALLEY RD",0.00,,Y,A,-,Y,LAK,1,20,-,-,28.420,I,5,W,Y,2,0,1,2,A,-,09,21802,A,N,D,C,A,A,H,-,A,A,0,,,,,Y,,A,01,1,0,0,0,0,0,0,0,0,"- ","- ",39.0276,-122.66708,LAKE,UNINCORPORATED,-122.66708663999999,39.02765789
92252114,2023,2023-12-04,9151,2023-11-14,1405,020955,,2,2,9,1700,0,1,3,,2,018,SR-29,"HOFACKER LANE",3168.00,N,N,C,-,Y,LAK,,29," "," ",15.485,H,,R,Y,2,0,2,2,A,-,05,21460,A,N,A,C,A,B,H,-,A,D,0,,,,,Y,,D,22,2,0,0,0,0,0,0,0,0,"- ","- ",38.852870941162109,-122.62026977539062,LAKE,UNINCORPORATED,-122.62024688720703,38.852890014648438
91211888,2020,2020-03-19,9151,2020-03-16,1850,020522,,1,2,9,1700,0,1,3,,2,015,SR-29,"BELL HILL ROAD",528.00,N,N,B,F,Y,,,29,,,,,,,Y,2,0,2,3,A,-,03,22350,,N,B,C,A,C,H,-,B,D,0,,,,,Y,,A,01,1,1,0,0,0,0,0,0,0,"- ","- ",38.977188110351562,-122.84599304199219,LAKE,UNINCORPORATED,-122.84597778320312,38.977210998535156
91321173,2020,2020-10-12,9151,2020-10-01,2001,019200,,4,2,9,1700,0,1,3,,1,023,"SR-175 HOPLAND","MATHEWS ROAD",4224.00,W,N,A,-,Y,,,175,,,,,,,Y,2,0,1,1,A,-,01,23152,A,N,E,J,A,A,H,-,D,D,0,,,,,Y,Y,A,01,1,0,0,0,0,0,0,0,0,"- ","- ",38.994319915771484,-122.92668914794922,LAKE,UNINCORPORATED,-122.92669677734375,38.994346618652344
90473368,2017,2017-06-08,9151,2017-02-17,0010,021255,,5,3,9,1700,0,1,3,,1,011,SR-20,"POMO WAY",700.00,W,N,A,-,Y,,,20,,,,,,,N,1,1,0,2,A,-,11,21956,,N,G,B,E,A,H,-,D,D,0,Y,,,,Y,,N,60,0,0,0,1,0,0,0,0,0,"- ","- ",39.143300000000004,-122.88399,LAKE,UNINCORPORATED,-122.8839433,39.143330480000003
92310343,2024,2024-02-09,9151,2024-01-30,2300,023514,,2,3,9,1700,0,1,3,,1,023,SR-175,"LAK MPM 6.03",10.00,E,N,A,-,Y,LAK,,175," "," ",6.008,H,,R,N,2,0,2,1,A,-,01,23152,A,N,E,I,A,A,H,-,D,D,0,,,,,Y,Y,A,07,2,0,0,0,0,0,0,0,0,"- ","- ",38.994319915771484,-122.9267578125,LAKE,UNINCORPORATED,-122.92676544189453,38.994327545166016
94738931,2025,2025-06-25,9151,2025-06-12,1555,024423,,4,2,9,1700,0,1,3,,1,024,SR-29,SR-53,125.00,N,N,A,-,Y,LAK,,29," "," ",20.335,H,,R,Y,2,0,1,2,C,-,18,,,N,C,2,A,A,H,-,A,A,0,,,,Y,Y,,-,"- ",1,0,0,0,0,0,0,0,0,"- ","- ",38.910209655761719,-122.61289215087891,LAKE,UNINCORPORATED,-122.61289215087891,38.910148620605469
8911218,2020,2022-06-11,1702,2020-05-31,2219,196,6A,7,5,3,1702,0,0,0,,0,,"RT 53","OLD HWY 53",14.00,S,N,A,-,N,,,53,,,,,,,Y,1,1,1,2,A,-,12,21453,A,N,H,G,A,A,H,-,C,A,0,,Y,,,Y,,L,04,0,1,0,0,0,1,0,0,0,"- ","- ",38.930019378662109,-122.61887359619141,LAKE,CLEARLAKE,-122.61882781982422,38.930038452148438
90277104,2016,2016-09-27,9151,2016-09-17,1320,019533,,6,1,9,1700,0,1,3,,2,015,SR-29,"BELL HILL RD.",0.00,,Y,A,-,Y,,,29,,,,,,,Y,2,0,4,2,A,-,09,21802,A,N,D,C,A,A,H,-,A,A,0,,,,,Y,,A,01,1,2,1,0,0,0,0,0,0,"- ","- ",38.975760000000001,-122.8426,LAKE,UNINCORPORATED,-122.84261866999999,38.975707409999998
91323839,2020,2020-10-14,9151,2020-10-06,1520,020326,,2,2,9,1700,0,1,3,,1,011,SR-20,"MANZANITA DR.",400.00,W,N,A,-,Y,,,20,,,,,,,Y,2,0,1,2,A,-,03,22350,,N,C,C,A,A,H,-,A,D,0,,,Y,,Y,,C,02,1,0,0,0,0,0,0,0,1,"- ","- ",39.120780944824219,-122.83740234375,LAKE,UNINCORPORATED,-122.83738708496094,39.120807647705078
91599421,2021,2021-10-18,9151,2021-10-07,0820,019076,,4,1,9,1700,0,1,3,,1,028,SR-175,"SOCRATES MINE ROAD",2640.00,W,N,A,-,Y,,,175,,,,,,,Y,2,0,1,1,C,-,18,,,N,E,8,A,A,H,-,A,A,0,,,,Y,Y,,-,"- ",1,0,0,0,0,0,0,0,0,"- ","- ",38.785751342773438,-122.69241333007812,LAKE,UNINCORPORATED,-122.69239044189453,38.785755157470703
90741492,2018,2018-06-05,9151,2018-05-20,1607,018337,,7,2,9,1700,0,1,3,,1,022,SR-20,"WALKER RIDGE ROAD",4752.00,W,N,A,-,Y,,,20,,,,,,,Y,2,0,3,1,A,-,01,23152,A,N,E,I,A,A,H,-,A,D,0,,,,,Y,Y,A,01,3,0,0,0,0,0,0,0,0,"- ","- ",39.024921417236328,-122.47104644775391,LAKE,UNINCORPORATED,-122.47107696533203,39.025039672851562
92349840,2024,2024-03-28,9151,2024-03-03,1250,023514,,7,1,9,1700,0,1,3,,1,011,SR-20,"LAK 20 MPM 2.22",45.00,W,N,B,C,Y,LAK,,20," "," ",2.216,H,,R,Y,1,1,2,2,A,-,08,22107,,N,A,C,A,B,H,-,A,D,0,,,,,Y,,A,01,2,0,0,0,0,0,0,0,0,"- ","- ",39.171920776367188,-123.01119995117188,LAKE,UNINCORPORATED,-123.01119995117188,39.171916961669922
90008661,2015,2015-10-19,9151,2015-08-12,0900,019811,,3,1,9,1700,0,3,5,,2,007,"BOTTLE ROCK RD","HARRINGTON FLAT RD.",1056.00,N,N,A,-,N,,,,,,,,,,Y,2,0,1,1,A,-,08,22107,,N,E,I,A,A,H,-,A,D,0,,,,,Y,,A,01,1,0,0,0,0,0,0,0,0,"- ","- ",38.894539999999999,-122.78855,LAKE,UNINCORPORATED,-122.78850187,38.89448634
91553235,2021,2021-08-24,9151,2021-08-17,0615,016093,,2,1,9,1700,0,3,5,,2,006,"MORGAN VALLEY ROAD","MCRAE'S RIDGE ROAD",19536.00,E,N,A,-,N,,,,,,,,,,Y,2,0,1,1,A,-,08,22107,,N,F,A,A,A,H,-,B,D,0,,,Y,,Y,,C,02,1,0,0,0,0,0,0,0,1,"- ","- ",38.889461517333984,-122.49472808837891,LAKE,UNINCORPORATED,,
94198397,2024,2024-08-13,9151,2024-06-05,1615,023851,,3,2,9,1700,0,1,3,,1,013,"SR-29 N/B","ELEVENTH ST",2640.00,N,N,A,-,N,,,,,,,,,,Y,1,1,0,1,C,-,18,,,N,E,8,A,A,H,-,A,A,0,,,,,Y,,-,"- ",0,0,0,0,0,0,0,0,0,"- ","- ",39.054340362548828,-122.93128967285156,LAKE,UNINCORPORATED,-122.93115997314453,39.049995422363281
6367326,2014,2015-11-14,9151,2014-01-24,1845,19200,,5,2,9,1700,0,1,3,,1,011,"RT 20",POMO,206.00,E,N,A,B,Y,LAK,1,20,-,-,11.190,H,-,W,N,2,0,1,2,A,-,11,21954,A,N,G,B,D,A,H,-,D,D,0,Y,,,,Y,,N,60,1,0,0,0,1,0,0,0,0,"- ","- ",39.141120000000001,-122.88240999999999,LAKE,UNINCORPORATED,-122.882077,39.140419110000003
90663301,2018,2018-02-16,9151,2018-02-08,1759,019714,,4,2,9,1700,0,1,3,,2,015,"SR-29 N/B","BOTTLE ROCK RD",42.00,S,N,A,-,Y,,,29,,,,,,N,Y,2,0,1,4,A,-,03,22350,,N,C,C,A,A,H,-,D,D,0,,,,,Y,,D,22,1,0,0,0,0,0,0,0,0,"- ","- ",38.944549560546875,-122.81503295898438,LAKE,UNINCORPORATED,-122.81503295898438,38.944538116455078
90432035,2017,2017-04-27,9151,2017-03-31,1327,021014,,5,1,3,1702,1,4,S,,2,901,SR-53,"OLYMPIC DRIVE",60.00,S,N,A,-,Y,,,53,,,,,,,Y,2,0,8,3,A,-,05,21460,A,N,A,C,A,A,H,-,A,A,0,,,,,Y,,A,01,1,2,5,0,0,0,0,0,0,"- ","- ",38.963909999999998,-122.61908,LAKE,CLEARLAKE,-122.61908523,38.963915040000003
91536871,2021,2021-08-04,9151,2021-07-26,1400,020955,,1,2,9,1700,0,3,5,,2,006,"LAKE ST","TISH A TANG RD",151.00,S,N,A,-,N,,,,,,,,,,Y,2,0,1,2,A,-,03,22350,,N,D,C,A,A,H,-,A,D,0,,,Y,,Y,,C,02,1,0,0,0,0,0,0,0,1,"- ","- ",38.924430847167969,-122.61164093017578,LAKE,UNINCORPORATED,-122.61167144775391,38.924358367919922
6926641,2015,2016-11-04,9151,2015-04-30,1845,019430,,4,2,9,1700,0,1,3,,1,022,"RT 20","RT 53",1584.00,E,N,A,-,Y,LAK,1,20,-,-,32.010,H,-,E,N,2,0,1,1,A,-,01,23152,A,N,E,I,A,A,H,-,A,D,0,,,Y,,Y,Y,C,02,1,0,0,0,0,0,0,0,1,"- ","- ",,,LAKE,UNINCORPORATED,-122.6074902,39.009562789999997
90201530,2016,2016-06-14,9151,2016-06-06,0130,019840,,1,3,9,1700,0,3,5,,2,006,"MORGAN VALLEY RD.","ROCK CREEK RD.",3696.00,E,N,A,-,N,,,,,,,,,,Y,2,0,2,1,A,-,08,22107,,N,E,I,A,A,H,-,D,D,0,,,,,Y,,A,01,1,0,1,0,0,0,0,0,0,"- ","- ",38.885330000000003,-122.46319,LAKE,UNINCORPORATED,-122.46344035,38.88530806
91562347,2021,2021-09-03,9151,2021-08-27,1120,016093,,5,1,9,1700,0,3,5,,2,008,"HARTMANN RD","HIDDEN VALLEY ROAD",700.00,E,N,A,-,N,,,,,,,,,,Y,2,0,1,1,A,-,01,23152,A,N,F,A,A,A,H,-,A,D,0,,,Y,,Y,Y,C,02,1,0,0,0,0,0,0,0,1,"- ","- ",38.798309326171875,-122.55033111572266,LAKE,UNINCORPORATED,-122.55104827880859,38.798690795898438
5912220,2014,2014-04-18,9151,2014-02-01,0550,16093,,6,3,9,1700,0,1,3,,1,022,"RT 20","WALKER RIDGE RD",4224.00,E,N,A,-,Y,LAK,1,20,-,R,44.430,H,-,E,Y,1,1,0,1,A,-,08,22107,,N,F,A,A,C,H,-,D,D,0,,,,,Y,,A,07,0,0,0,0,0,0,0,0,0,"- ","- ",39.015470000000001,-122.44207,LAKE,UNINCORPORATED,-122.44143690999999,39.01549833
6362363,2014,2015-11-14,9151,2014-01-14,1805,17141,,2,2,9,1700,0,1,3,,1,028,"RT 175","HARRINGTON FLAT RD",528.00,E,N,A,-,Y,LAK,1,175,-,-,17.060,H,-,W,Y,2,0,1,1,A,-,01,23152,A,N,E,I,A,A,H,-,D,D,0,,,,,Y,Y,D,23,1,0,0,0,0,0,0,0,0,"- ","- ",,,LAKE,UNINCORPORATED,-122.72307538,38.852591769999997
6367477,2014,2014-06-17,9151,2014-02-02,2343,17128,,7,3,9,1700,0,3,5,,2,004,"FAIRWAY DR","RT 281",282.00,S,N,B,-,N,,,,,,,,,,Y,2,0,2,1,A,-,01,23152,A,N,E,I,A,B,H,-,D,D,0,,,,,Y,Y,A,01,1,1,0,0,0,0,0,0,0,"- ","- ",38.952399999999997,-122.72799999999999,LAKE,UNINCORPORATED,-122.72799252999999,38.952492399999997
6391675,2014,2014-06-25,9151,2014-02-21,1907,19533,,5,2,9,1700,0,3,5,,2,002,"KEYS BL","1ST ST",0.00,,Y,A,-,N,,,,,,,,,,N,2,0,1,2,A,-,12,22450,A,F,H,G,A,A,H,-,D,A,0,,Y,,,Y,,D,22,1,0,0,0,0,0,1,0,0,"- ","- ",39.024709999999999,-122.6604,LAKE,UNINCORPORATED,-122.66043998000001,39.02469996
6513560,2014,2015-03-20,9151,2014-06-12,0650,020082,,4,1,9,1700,0,1,3,,1,023,"RT 175","RT 29",42240.00,W,N,A,-,Y,LAK,1,175,-,-,0.970,H,-,W,Y,2,0,2,2,A,-,05,21460,A,N,A,C,A,A,H,-,A,D,0,,,Y,,Y,,C,02,1,1,0,0,0,0,0,0,1,"- ","- ",38.982930000000003,-122.97544000000001,LAKE,UNINCORPORATED,-122.97584707999999,38.982708180000003
6518864,2014,2014-08-04,9151,2014-05-23,1744,19430,,5,2,9,1700,0,3,5,,2,007,"HIGHLAND SPRINGS RD","BELL HILL RD",981.00,N,N,A,-,N,,,,,,,,,,Y,2,0,3,1,A,-,08,22107,,N,E,I,A,A,H,-,A,D,0,,,,,Y,,A,01,1,1,1,0,0,0,0,0,0,"- ","- ",38.959989999999998,-122.89718999999999,LAKE,UNINCORPORATED,-122.89712445000001,38.960042039999998
6560069,2014,2014-08-22,9151,2014-07-08,1040,020082,,2,1,9,1700,0,3,5,,2,005,"ORCHARD DR","EASTLAKE DR",24.00,E,N,A,-,N,,,,,,,,,,Y,2,0,1,1,A,-,03,22350,,N,E,I,A,A,H,-,A,D,0,,,,,Y,,A,07,1,0,0,0,0,0,0,0,0,"- ","- ",39.010150000000003,-122.75230000000001,LAKE,UNINCORPORATED,-122.75261,39.010089999999998
6577114,2014,2016-04-23,9151,2014-07-05,1644,019718,,6,2,9,1700,0,1,3,,1,012,"RT 20","KEYS BL",5.00,W,N,A,-,Y,LAK,1,20,-,-,28.840,I,5,W,N,2,0,1,1,A,-,01,21200,5,N,F,I,A,A,H,-,A,D,0,,Y,,,Y,Y,L,04,1,0,0,0,0,0,1,0,0,"- ","- ",39.025350000000003,-122.65991,LAKE,UNINCORPORATED,-122.66012263,39.025476959999999
6592302,2014,2014-09-02,9151,2014-07-11,1233,019718,,5,1,9,1700,0,3,5,,2,005,"GADDY LN","LOASA RD",5.00,S,N,A,-,N,,,,,,,,,,Y,2,0,1,1,A,-,08,22107,,N,E,I,A,A,H,-,A,D,0,,,,,Y,,A,07,1,0,0,0,0,0,0,0,0,"- ","- ",38.996600000000001,-122.82903,LAKE,UNINCORPORATED,-122.84236,38.982120000000002
6606082,2014,2015-12-29,9151,2014-05-11,2118,17128,,7,2,9,1700,0,1,3,,1,017,"RT 175","WESTERN PINE RD",473.00,W,N,A,-,Y,LAK,1,175,-,-,15.990,H,-,W,Y,1,1,1,1,A,-,01,23152,A,N,E,I,A,A,H,-,D,D,0,,,,,Y,Y,A,01,0,1,0,0,0,0,0,0,0,"- ","- ",38.869300000000003,-122.7187,LAKE,UNINCORPORATED,-122.71925697,38.866970559999999
6617438,2014,2016-04-23,9151,2014-08-16,2025,019200,,6,2,9,1700,0,1,3,,1,011,"RT 20","SCOTTS VALLEY RD",1056.00,E,N,A,-,Y,LAK,1,20,-,-,3.850,H,-,W,Y,2,0,1,2,A,-,05,21460,C,N,B,C,A,A,H,-,D,D,0,,,,,Y,,A,07,1,0,0,0,0,0,0,0,0,"- ","- ",39.157299999999999,-122.98979,LAKE,UNINCORPORATED,-122.98972721,39.157335519999997
6659713,2014,2016-04-23,9151,2014-09-19,1419,019533,,5,2,9,1700,0,1,3,,2,015,"RT 29","KELSEY CREEK DR",0.00,,Y,A,-,Y,LAK,1,29,-,R,35.070,I,5,N,Y,2,0,2,4,A,-,03,22350,,N,C,C,A,A,H,-,A,D,1,,,,,Y,,A,01,1,1,0,0,0,0,0,0,0,"- ","- ",38.974260000000001,-122.83842,LAKE,UNINCORPORATED,-122.83821236999999,38.974190999999998