CASE_ID,ACCIDENT_YEAR,PROC_DATE,JURIS,COLLISION_DATE,COLLISION_TIME,OFFICER_ID,REPORTING_DISTRICT,DAY_OF_WEEK,CHP_SHIFT,POPULATION,CNTY_CITY_LOC,SPECIAL_COND,BEAT_TYPE,CHP_BEAT_TYPE,CITY_DIVISION_LAPD,CHP_BEAT_CLASS,BEAT_NUMBER,PRIMARY_RD,SECONDARY_RD,DISTANCE,DIRECTION,INTERSECTION,WEATHER_1,WEATHER_2,STATE_HWY_IND,CALTRANS_COUNTY,CALTRANS_DISTRICT,STATE_ROUTE,ROUTE_SUFFIX,POSTMILE_PREFIX,POSTMILE,LOCATION_TYPE,RAMP_INTERSECTION,SIDE_OF_HWY,TOW_AWAY,COLLISION_SEVERITY,NUMBER_KILLED,NUMBER_INJURED,PARTY_COUNT,PRIMARY_COLL_FACTOR,PCF_CODE_OF_VIOL,PCF_VIOL_CATEGORY,PCF_VIOLATION,PCF_VIOL_SUBSECTION,HIT_AND_RUN,TYPE_OF_COLLISION,MVIW,PED_ACTION,ROAD_SURFACE,ROAD_COND_1,ROAD_COND_2,LIGHTING,CONTROL_DEVICE,CHP_ROAD_TYPE,PEDESTRIAN_ACCIDENT,BICYCLE_ACCIDENT,MOTORCYCLE_ACCIDENT,TRUCK_ACCIDENT,NOT_PRIVATE_PROPERTY,ALCOHOL_INVOLVED,STWD_VEHTYPE_AT_FAULT,CHP_VEHTYPE_AT_FAULT,COUNT_SEVERE_INJ,COUNT_VISIBLE_INJ,COUNT_COMPLAINT_PAIN,COUNT_PED_KILLED,COUNT_PED_INJURED,COUNT_BICYCLIST_KILLED,COUNT_BICYCLIST_INJURED,COUNT_MC_KILLED,COUNT_MC_INJURED,PRIMARY_RAMP,SECONDARY_RAMP,LATITUDE,LONGITUDE,COUNTY,CITY,POINT_X,POINT_Y
9027089,2020,2020-02-19,1702,2020-01-02,1527,195,C,4,5,3,1702,0,0,0,,0,,"LAKESHORE DR","HOWARD AV",180.00,W,N,A,-,N,,,,,,,,,,Y,2,0,3,3,A,-,03,22350,,N,C,C,A,A,H,-,A,D,0,,,,,Y,,A,01,1,2,0,0,0,0,0,0,0,"- ","- ",38.954551696777344,-122.64483642578125,LAKE,CLEARLAKE,-122.64447021484375,38.954063415527344
9027107,2020,2020-09-24,1702,2020-01-17,1641,195,6A,5,5,3,1702,0,0,0,,0,,"RT 53","OLD HIGHWAY 53",1478.00,S,N,A,-,Y,LAK,1,53,-,-,1.190,H,-,N,N,2,0,1,2,A,-,08,22107,,N,D,G,A,A,H,-,A,A,0,,Y,,,Y,,L,04,1,0,0,0,0,0,1,0,0,"- ","- ",38.930019378662109,-122.61887359619141,LAKE,CLEARLAKE,-122.61666870117188,38.927108764648438
90283587,2016,2016-10-04,9151,2016-09-24,0155,021172,,6,3,9,1700,0,1,3,,1,011,SR-20,"ROSEMONT DRIVE",1056.00,E,N,A,-,Y,,,,,,,,,,Y,2,0,1,1,A,-,08,22107,,N,F,A,A,A,H,-,D,D,0,,,,,Y,,A,07,1,0,0,0,0,0,0,0,0,"- ","- ",39.060279999999999,-122.78301999999999,LAKE,UNINCORPORATED,-122.78242965,39.069952929999999
90293808,2016,2016-10-17,9151,2016-10-07,0856,016093,,5,1,9,1700,0,1,3,,2,018,SR-29,"CALLAYOMI ST",315.00,S,N,A,-,Y,,,29,,,,,,,Y,2,0,1,1,A,-,08,22107,,N,E,I,A,A,H,-,A,D,0,,,,,Y,,A,01,1,0,0,0,0,0,0,0,0,"- ","- ",38.74924,-122.61677,LAKE,UNINCORPORATED,-122.6165999,38.749164999999998
90358425,2016,2016-12-30,9151,2016-12-17,1808,021228,,6,2,9,1700,0,1,3,,1,012,SR-20,"ISLAND DRIVE",0.00,,Y,A,-,Y,,,20,,,,,,,Y,2,0,1,2,A,-,05,21460,A,N,A,C,A,A,H,-,C,D,0,,,,,Y,Y,A,07,1,0,0,0,0,0,0,0,0,"- ","- ",39.019669999999998,-122.67623,LAKE,UNINCORPORATED,-122.67628329,39.019752619999998
90386380,2016,2017-02-06,9151,2016-10-31,2500,017300,,1,4,2,1701,0,1,3,,1,013,"SR-29 N/B","LAKEPORT BLVD.",528.00,N,N,C,-,Y,,,29,,,,,,N,Y,1,1,0,1,A,-,01,23152,F,N,F,A,A,B,H,-,D,A,0,,,,,Y,Y,D,22,0,0,0,0,0,0,0,0,0,"- ","- ",39.035130000000002,-122.92483,LAKE,LAKEPORT,-122.92504424000001,39.034960359999999
90388324,2016,2017-02-08,9151,2016-11-08,1217,017300,,2,1,9,1700,0,1,3,,1,022,SR-20,"NORTH FORK CACHE CREEK BRIDGE",125.00,W,N,A,-,Y,,,20,,,,,,,Y,1,1,2,2,A,-,01,23152,E,N,A,C,A,A,H,-,A,A,0,,,,,Y,,D,22,2,0,0,0,0,0,0,0,0,"- ","- ",38.989260000000002,-122.54169,LAKE,UNINCORPORATED,-122.54168761,38.989266430000001
90388895,2016,2017-02-09,9151,2016-11-12,1720,021228,,6,2,9,1700,0,1,3,,1,011,SR-20,"POMO WAY",0.00,,Y,B,-,Y,,,20,,,,,,,Y,1,1,0,2,A,-,11,21954,A,N,G,B,D,A,H,-,B,D,0,Y,,,,Y,,N,60,0,0,0,1,0,0,0,0,0,"- ","- ",39.141530000000003,-122.88289,LAKE,UNINCORPORATED,-122.88280435,39.141584819999999
9039607,2020,2020-09-24,1702,2020-01-17,1934,217,6A,5,5,3,1702,0,0,0,,0,,"RT 53","LAKESHORE BL",0.00,,Y,A,-,Y,LAK,1,53,-,-,2.960,I,5,S,Y,2,0,4,3,A,-,12,21453,A,N,D,C,A,A,H,-,C,A,0,,,,,Y,,A,01,2,1,1,0,0,0,0,0,0,"- ","- ",38.950698852539062,-122.62315368652344,LAKE,CLEARLAKE,-122.62319183349609,38.950702667236328
90428228,2017,2017-04-05,9151,2017-03-23,0806,019811,,4,1,9,1700,0,1,3,,1,011,SR-20,"FOOTHILL DR",2640.00,W,N,A,-,Y,,,,,,,,,,Y,2,0,1,1,A,-,08,22107,,N,E,I,A,A,H,-,A,D,0,,,,,Y,,A,01,1,0,0,0,0,0,0,0,0,"- ","- ",39.104990000000001,-122.8133,LAKE,UNINCORPORATED,-122.81674781,39.109060839999998
90451270,2016,2017-05-09,9151,2016-05-18,0810,019076,,3,1,9,1700,0,3,5,,2,004,"SULPHUR BANK DRIVE",SR-20,3696.00,S,N,A,-,N,,,,,,,,,,Y,1,1,1,2,A,-,09,21804,A,N,D,C,A,A,H,-,A,D,0,,,Y,,Y,Y,C,06,0,0,1,0,0,0,0,1,0,"- ","- ",39.010860000000001,-122.64905,LAKE,UNINCORPORATED,-122.64932321000001,39.01031579
90452250,2016,2017-05-09,9151,2016-10-11,1908,021199,,2,2,9,1700,0,1,3,,1,011,SR-20,"MAIN ST.",20.00,W,N,A,-,Y,,,20,,,,,,,N,1,1,0,2,A,-,10,21950,A,N,G,B,C,A,H,-,C,D,0,Y,,,,Y,Y,D,22,0,0,0,1,0,0,0,0,0,"- ","- ",39.16225,-122.91161,LAKE,UNINCORPORATED,-122.91160861,39.162266760000001
90458190,2017,2017-05-17,9151,2017-05-08,1802,021255,,1,2,9,1700,0,1,3,,2,015,SR-29,"COLE CREEK RD",1056.00,N,N,A,-,Y,,,29,,,,,,,Y,2,0,1,1,C,-,18,,,N,E,H,A,A,H,-,A,D,0,,,Y,,Y,Y,-,"- ",1,0,0,0,0,0,0,0,1,"- ","- ",38.95299,-122.82699,LAKE,UNINCORPORATED,-122.82672700000001,38.953053969999999
90459093,2016,2017-05-19,9151,2016-11-26,0013,019200,,6,3,9,1700,0,1,3,,1,013,SR-29,SR-20,140.00,S,N,B,C,Y,,,29,,,,,,,Y,1,2,0,1,A,-,01,23152,A,N,E,I,A,B,H,-,C,A,0,,,,,Y,Y,A,01,0,0,0,0,0,0,0,0,0,"- ","- ",39.163170000000001,-122.92059999999999,LAKE,UNINCORPORATED,-122.92076278,39.163160980000001
90459613,2016,2017-05-19,9151,2016-12-21,1344,021172,,3,1,9,1700,0,2,4,,2,043,"NICE - LUCERNE CUTOFF","LAKESHORE BOULEVARD",4224.00,E,N,A,-,N,,,,,,,,,,Y,1,1,1,2,A,-,08,22107,,N,E,I,A,A,H,-,A,D,0,,,,,Y,,D,22,0,1,0,0,0,0,0,0,0,"- ","- ",39.120660000000001,-122.89027,LAKE,UNINCORPORATED,-122.89070034,39.120910889999998
90461119,2016,2017-05-22,9151,2016-10-07,2210,019714,,5,3,9,1700,0,3,5,,2,006,"MORGAN VALLEY ROAD","BONHAM RD",2616.00,W,N,A,-,N,,,,,,,,,,Y,1,1,3,1,A,-,01,23152,A,N,F,A,A,A,H,-,D,A,0,,,,,Y,Y,D,22,1,1,1,0,0,0,0,0,0,"- ","- ",38.908340000000003,-122.59975,LAKE,UNINCORPORATED,-122.59906563,38.908138460000004
90482544,2017,2017-06-21,9151,2017-06-12,1145,017141,,1,1,9,1700,0,3,5,,2,008,"SULPHER CREEK RD","BOTTLE ROCK RD",528.00,N,N,A,-,N,,,,,,,,,,N,2,0,1,1,A,-,03,22350,,N,F,A,A,A,H,-,A,D,0,,,Y,,Y,,C,02,1,0,0,0,0,0,0,0,1,"- ","- ",38.85595,-122.75988,LAKE,UNINCORPORATED,-122.75880936,38.856624969999999
90483100,2017,2017-06-21,9151,2017-04-30,1130,015435,,7,1,9,1700,0,1,3,,2,018,SR-29,"GRANGE ROAD",6336.00,S,N,A,-,Y,,,29,,,,,,,Y,1,1,2,2,A,-,08,22107,,N,A,C,A,A,H,-,A,D,0,,,,,Y,,A,01,1,1,0,0,0,0,0,0,0,"- ","- ",38.773820000000001,-122.58378,LAKE,UNINCORPORATED,-122.58378121,38.773821589999997
90483611,2017,2017-06-22,9151,2017-03-07,1302,017904,,2,1,9,1700,0,1,3,,1,013,SR-29,"11TH ST.",3168.00,N,N,B,-,Y,,,29,,,,,,,Y,1,1,2,2,A,-,08,22107,,N,A,C,A,B,H,-,A,D,0,,,,,Y,,D,22,0,2,0,0,0,0,0,0,0,"- ","- ",39.060279999999999,-122.93142,LAKE,UNINCORPORATED,-122.93137513000001,39.06028405
90505185,2017,2017-07-21,9151,2017-07-12,1810,019714,,3,2,9,1700,0,3,5,,2,005,"GADDY LN","LOASA ROAD",893.00,N,N,A,-,N,,,,,,,,,,Y,2,0,3,3,A,-,09,21801,A,N,A,C,A,A,H,-,A,D,0,,,,,Y,,A,07,2,0,1,0,0,0,0,0,0,"- ","- ",38.999319999999997,-122.82902,LAKE,UNINCORPORATED,-122.84236,38.982120000000002
90554796,2017,2017-09-25,9151,2017-09-17,1934,018337,,7,2,9,1700,0,1,3,,1,011,SR-20,"SECOND AVENUE",110.00,E,N,A,-,Y,,,20,,,,,,,N,2,0,1,2,A,-,11,21954,A,N,G,B,D,A,H,-,B,D,0,Y,,,,Y,Y,N,60,1,0,0,0,1,0,0,0,0,"- ","- ",39.094099999999997,-122.79979,LAKE,UNINCORPORATED,-122.79981248999999,39.094079409999999
90563406,2017,2017-10-04,9151,2017-10-01,1950,020522,,7,2,9,1700,0,1,3,,1,013,"SR-29 NORTHBOUND","11TH ST",2640.00,N,N,A,-,Y,,,29,,,,,,N,Y,2,0,2,2,A,-,07,21658,A,N,B,C,A,A,H,-,D,D,0,,,,,Y,,A,07,1,0,1,0,0,0,0,0,0,"- ","- ",39.06194,-122.93162,LAKE,UNINCORPORATED,-122.93162095,39.061939860000003
90567087,2017,2017-10-10,9151,2017-10-04,1313,017141,,3,1,9,1700,0,1,3,,1,013,SR-29,"TULE LAKE RD",5280.00,S,N,A,-,Y,,,29,,,,,,,Y,2,0,1,1,A,-,08,22107,,N,E,I,A,A,H,-,A,D,0,,,Y,,Y,,C,02,1,0,0,0,0,0,0,0,1,"- ","- ",39.146999999999998,-122.9187,LAKE,UNINCORPORATED,-122.91872091,39.14698147
90585190,2017,2017-11-01,9151,2017-10-23,0806,017904,,1,1,9,1700,0,1,3,,1,012,SR-20,"KEYS BLVD.",528.00,E,N,A,-,Y,,,20,,,,,,,N,2,0,1,2,A,-,03,22350,,F,G,B,E,A,H,-,A,D,0,Y,,,,Y,,A,01,1,0,0,0,1,0,0,0,0,"- ","- ",39.023859999999999,-122.65674,LAKE,UNINCORPORATED,-122.65671595000001,39.023913540000002
90585198,2017,2017-11-01,9151,2017-10-20,1700,019714,,5,2,9,1700,0,3,5,,2,005,"BIG VALLEY ROAD","E. FINLEY ROAD",854.00,S,N,A,-,N,,,,,,,,,,Y,2,0,1,1,A,-,01,23152,A,N,E,I,A,A,H,-,A,D,0,,,,,Y,Y,D,22,1,0,0,0,0,0,0,0,0,"- ","- ",38.986820000000002,-122.84621,LAKE,UNINCORPORATED,-122.8460741,38.986809110000003
90585687,2017,2017-11-02,9151,2017-10-31,2220,020927,,2,3,9,1700,0,1,3,,1,028,SR-175,"HARRINGTON FLAT RD",1056.00,W,N,A,-,Y,,,,,,,,,,Y,2,0,2,1,A,-,01,23152,A,N,E,I,A,A,H,-,D,D,0,,,,,Y,Y,A,01,1,1,0,0,0,0,0,0,0,"- ","- ",,,LAKE,UNINCORPORATED,-122.72304391999999,38.856505390000002
90595652,2017,2017-11-16,9151,2017-11-08,1635,019811,,3,2,9,1700,0,1,3,,1,022,SR-20,"WALKER RIDGE ROAD",1850.00,W,N,B,C,Y,,,20,,,,,,,Y,2,0,1,2,A,-,03,22350,,N,A,C,A,B,H,-,D,D,0,,,,,Y,,A,07,1,0,0,0,0,0,0,0,0,"- ","- ",39.023240000000001,-122.46016,LAKE,UNINCORPORATED,-122.46014343,39.023274809999997
90595782,2017,2017-11-16,9151,2017-09-23,1455,021793,,6,2,9,1700,0,3,5,,2,002,"BARTLETT SPRINGS RD","WALKER RIDGE ROAD",22704.00,W,N,A,-,N,,,,,,,,,,Y,1,1,0,2,A,-,01,23152,G,N,B,C,A,A,H,-,A,D,0,,,Y,,Y,Y,C,02,0,0,0,0,0,0,0,1,0,"- ","- ",39.153700000000001,-122.56014999999999,LAKE,UNINCORPORATED,-122.56014999999999,39.153700000000001
90618523,2017,2017-12-15,9151,2017-12-08,0941,016093,,5,1,9,1700,0,1,3,,2,015,SR-29,"BOTTLE ROCK RD",1584.00,S,N,A,-,Y,,,29,,,,,,,Y,2,0,2,2,A,-,01,23152,A,F,A,C,A,A,H,-,A,A,0,,,,,Y,Y,A,07,1,1,0,0,0,0,0,0,0,"- ","- ",38.942390000000003,-122.80794,LAKE,UNINCORPORATED,-122.80794321,38.9424201
9064149,2020,2020-05-14,1702,2020-02-22,1820,160,,6,5,3,1702,0,0,0,,0,,"EMORY AV","MULLEN AV",915.00,E,N,A,-,N,,,,,,,,,,Y,2,0,1,1,A,-,01,23152,A,N,F,A,A,A,A,-,C,D,0,,,,,Y,Y,A,07,1,0,0,0,0,0,0,0,0,"- ","- ",38.951381683349609,-122.638671875,LAKE,CLEARLAKE,-122.63895416259766,38.951263427734375
90649435,2018,2018-01-26,9151,2018-01-26,0630,019076,,5,1,9,1700,0,1,3,,1,013,"SR-29 S/B","11TH ST",4752.00,N,N,A,-,Y,,,29,,,,,,S,Y,2,0,3,1,C,-,18,,,N,F,A,A,C,H,-,D,D,0,,,,,Y,,-,"- ",2,1,0,0,0,0,0,0,0,"- ","- ",39.062030792236328,-122.93197631835938,LAKE,UNINCORPORATED,-122.93186187744141,39.062046051025391
90652880,2018,2018-02-01,9151,2018-01-26,0645,019811,,5,1,9,1700,0,1,3,,1,013,SR-29,SR-175,3560.00,N,N,B,-,Y,,,29,,,,,,,Y,2,0,2,2,A,-,08,22107,,N,E,I,A,C,H,-,B,D,0,,,,,Y,,A,01,1,0,1,0,0,0,0,0,0,"- ","- ",39.025360107421875,-122.91861724853516,LAKE,UNINCORPORATED,-122.91867065429688,39.025318145751953
90668226,2018,2018-02-23,9151,2018-02-09,2335,021172,,5,3,9,1700,0,3,5,,2,005,"FAIRWAY DRIVE",SR-281,1000.00,N,N,A,-,N,,,,,,,,,,Y,2,0,1,1,A,-,01,23152,A,F,E,I,A,A,H,-,D,D,0,,,,,Y,Y,D,22,1,0,0,0,0,0,0,0,0,"- ","- ",38.955608367919922,-122.72901916503906,LAKE,UNINCORPORATED,-122.72889709472656,38.955287933349609
90668262,2018,2018-02-23,9151,2018-02-15,1624,019200,,4,2,9,1700,0,1,3,,1,011,SR-20,"IRVINE AVE",1700.00,W,N,A,-,Y,,,20,,,,,,,Y,2,0,1,2,A,-,08,22107,,N,B,C,A,A,H,-,A,A,0,,,,,Y,Y,A,07,1,0,0,0,0,0,0,0,0,"- ","- ",39.171939849853516,-123.01116943359375,LAKE,UNINCORPORATED,-123.01117706298828,39.171913146972656
90681124,2018,2018-03-13,9151,2018-03-10,1240,020927,,6,1,9,1700,0,1,3,,1,024,SR-29,"EAGLES NEST LN",3696.00,S,N,B,-,Y,,,29,,,,,,,Y,2,0,3,1,A,-,08,22107,,N,E,I,A,A,H,-,A,D,0,,,,,Y,,A,01,1,1,1,0,0,0,0,0,0,"- ","- ",38.925670623779297,-122.71904754638672,LAKE,UNINCORPORATED,-122.71907043457031,38.925609588623047
90703946,2018,2018-04-12,9151,2018-04-03,2112,018337,,2,2,9,1700,0,1,3,,1,024,SR-29,"MARSH VIEW WAY",120.00,S,N,A,-,Y,,,29,,,,,,,Y,2,0,1,1,A,-,08,22107,,N,E,I,A,A,H,-,D,D,0,,,,,Y,,A,01,1,0,0,0,0,0,0,0,0,"- ","- ",38.909770965576172,-122.620361328125,LAKE,UNINCORPORATED,-122.62035369873047,38.909812927246094
90705016,2018,2018-04-13,9151,2018-04-05,2115,021419,,4,2,9,1700,0,2,4,,2,043,"LAKESHORE BOULEVARD","CARSON ST",100.00,W,N,B,C,N,,,,,,,,,,Y,2,0,2,1,A,-,01,23152,A,N,E,I,A,B,H,-,D,D,0,,,,,Y,Y,A,01,2,0,0,0,0,0,0,0,0,"- ","- ",39.121971130371094,-122.85540008544922,LAKE,UNINCORPORATED,-122.85557556152344,39.121738433837891
90729099,2018,2018-05-18,9151,2018-05-15,2000,021793,,2,2,9,1700,0,1,3,,1,028,SR-175,"MCKINLEY DRIVE",2178.00,E,N,A,-,Y,,,175,,,,,,,Y,2,0,1,1,C,-,18,,,N,H,H,A,A,H,-,B,D,0,,,Y,,Y,,-,"- ",1,0,0,0,0,0,0,0,1,"- ","- ",38.770339965820312,-122.66026306152344,LAKE,UNINCORPORATED,-122.66024780273438,38.770351409912109
90782487,2018,2018-08-02,9151,2018-07-20,0620,017300,,5,1,9,1700,0,1,3,,1,012,SR-20,"HIILSIDE LANE",250.00,E,N,A,-,Y,,,20,,,,,,,Y,2,0,1,1,A,-,08,22107,,N,F,A,A,A,H,-,A,A,0,,,,Y,Y,,G,25,1,0,0,0,0,0,0,0,0,"- ","- ",39.020328521728516,-122.68512725830078,LAKE,UNINCORPORATED,-122.6851806640625,39.020423889160156
90812848,2018,2018-09-13,9151,2018-09-06,0755,015435,,4,1,9,1700,0,1,3,,2,015,SR-29,"SR-175 (HOPLAND)",1700.00,S,N,A,-,Y,,,29,,,,,,,Y,2,0,2,2,A,-,08,22107,,N,A,C,A,A,H,-,A,D,0,,,,,Y,,D,22,2,0,0,0,0,0,0,0,0,"- ","- ",39.012809753417969,-122.91017913818359,LAKE,UNINCORPORATED,-122.91014862060547,39.012828826904297
90816903,2018,2018-09-19,9151,2018-09-07,2500,017300,,5,4,9,1700,0,1,3,,1,022,SR-20,"CACHE CREEK BRIDGE",22704.00,E,N,A,-,Y,,,20,,,,,,,Y,2,0,1,1,A,-,08,22107,,N,E,I,A,A,H,-,D,A,0,,,,Y,Y,,F,26,1,0,0,0,0,0,0,0,0,"- ","- ",39.023239135742188,-122.48513031005859,LAKE,UNINCORPORATED,-122.48512268066406,39.023040771484375
90826838,2018,2018-10-02,9151,2018-09-20,2000,020354,,4,2,9,1700,0,1,3,,1,022,SR-20,"OLD LONG VALLEY ROAD",3696.00,E,N,A,-,Y,,,20,,,,,,,Y,2,0,2,3,A,-,03,22350,,N,B,C,A,A,D,-,D,A,0,,,,,Y,,D,22,1,0,1,0,0,0,0,0,0,"- ","- ",39.016128540039062,-122.58677673339844,LAKE,UNINCORPORATED,-122.5867919921875,39.016143798828125
90846665,2018,2018-10-26,9151,2018-10-18,1230,019811,,4,1,9,1700,0,3,5,,2,006,"LAKE ST.","JESSIE ST.",1247.00,N,N,A,-,N,,,,,,,,,,N,2,0,1,2,A,-,08,22100,B,N,D,C,A,A,H,-,A,D,0,,,Y,,Y,,A,08,1,0,0,0,0,0,0,0,1,"- ","- ",38.917221069335938,-122.60912322998047,LAKE,UNINCORPORATED,-122.60881042480469,38.917041778564453
90857503,2018,2018-11-09,9151,2018-11-03,1650,021152,,6,2,9,1700,0,3,5,,2,008,"ELLEN SPRINGS ROAD","CLAYTON CREEK ROAD",525.00,E,N,A,-,N,,,,,,,,,,N,2,0,1,1,A,-,01,23152,A,N,F,A,A,A,H,-,A,D,0,,,Y,,Y,Y,C,02,1,0,0,0,0,0,0,0,1,"- ","- ",38.894401550292969,-122.60227203369141,LAKE,UNINCORPORATED,-122.60231781005859,38.894420623779297
90861305,2018,2018-11-15,9151,2018-08-21,1238,019533,,2,1,9,1700,0,3,5,,2,005,"STONE DR.","FINLEY EAST RD.",1056.00,N,N,A,-,N,,,,,,,,,,Y,1,1,0,2,A,-,09,21801,A,N,A,C,A,A,H,-,A,D,0,,,Y,,Y,,D,22,0,0,0,0,0,0,0,1,0,"- ","- ",39.007881164550781,-122.87554168701172,LAKE,UNINCORPORATED,-122.87553405761719,39.007221221923828
90877616,2018,2018-12-06,9151,2018-12-03,1715,020522,,1,2,9,1700,0,1,3,,1,024,SR-29,"RED HILLS ROAD",4752.00,S,N,B,-,Y,,,29,,,,,,,Y,2,0,3,1,A,-,01,23152,A,N,E,I,A,A,H,-,D,D,0,,,,,Y,Y,A,01,1,2,0,0,0,0,0,0,0,"- ","- ",38.927059173583984,-122.72624206542969,LAKE,UNINCORPORATED,-122.72623443603516,38.927078247070312
90905165,2019,2019-01-15,9151,2019-01-03,1253,016093,,4,1,9,1700,0,1,3,,1,016,SR-53,"ANDERSON RANCH PKY",610.00,S,N,A,-,Y,,,53,,,,,,,Y,2,0,3,4,A,-,14,25251,B,N,C,C,A,A,H,-,A,D,0,,,,,Y,,A,07,1,1,1,0,0,0,0,0,0,"- ","- ",38.917461395263672,-122.61221313476562,LAKE,UNINCORPORATED,-122.61224365234375,38.917461395263672
90947687,2019,2019-03-18,9151,2019-03-07,0057,021255,,4,3,9,1700,0,1,3,,2,015,SR-29,"CRUICKSHANK RD",2640.00,S,N,B,-,Y,,,29,,,,,,,Y,2,0,2,2,A,-,01,23152,A,N,E,I,A,B,H,-,D,D,0,,,,,Y,Y,A,01,2,0,0,0,0,0,0,0,0,"- ","- ",38.960659027099609,-122.82730102539062,LAKE,UNINCORPORATED,-122.82722473144531,38.960689544677734
90954977,2019,2019-03-27,9151,2019-03-19,0750,017904,,2,1,9,1700,0,1,3,,1,011,SR-20,"LAKESHORE BLVD.",1056.00,E,N,A,-,Y,,,20,,,,,,,Y,2,0,3,4,A,-,05,21460,A,N,A,C,A,A,H,-,A,D,0,,,,Y,Y,,A,01,1,0,2,0,0,0,0,0,0,"- ","- ",39.115718841552734,-122.82614135742188,LAKE,UNINCORPORATED,-122.82613372802734,39.115745544433594
90959532,2019,2019-04-02,9151,2019-03-24,0305,021793,,7,3,9,1700,0,1,3,,1,024,SR-29,"POINT LAKEVIEW ROAD",2057.00,N,N,A,-,Y,,,29,,,,,,,Y,2,0,1,1,A,-,01,23152,A,N,E,I,A,A,H,-,D,D,0,,,,,Y,Y,A,01,1,0,0,0,0,0,0,0,0,"- ","- ",38.907211303710938,-122.65180206298828,LAKE,UNINCORPORATED,-122.65180969238281,38.907230377197266
90970650,2019,2019-04-18,9151,2019-04-08,1628,020354,,1,2,9,1700,0,2,4,,2,043,"NICE-LUCERNE CUTOFF","RODMAN SLOUGH BRIDGE",406.00,W,N,B,C,N,,,,,,,,,,Y,1,1,1,1,A,-,03,22350,,N,E,I,A,B,H,-,A,D,0,,,,,Y,,A,01,0,1,0,0,0,0,0,0,0,"- ","- ",39.117908477783203,-122.88796234130859,LAKE,UNINCORPORATED,-122.88797760009766,39.117984771728516
90975393,2019,2019-04-25,9151,2019-04-12,0440,021152,,5,3,9,1700,0,1,3,,1,011,SR-20,"BENDER DRIVE",77.00,W,N,A,-,Y,,,20,,,,,,,Y,2,0,1,1,A,-,01,23152,F,N,E,I,A,A,H,-,D,D,0,,,,,Y,,A,01,1,0,0,0,0,0,0,0,0,"- ","- ",39.073909759521484,-122.78250885009766,LAKE,UNINCORPORATED,-122.7825927734375,39.073902130126953
90983301,2019,2019-05-07,9151,2019-04-29,0040,021759,,1,3,9,1700,0,1,3,,1,011,SR-20,"WITTER SPRINGS RD",300.00,W,N,A,-,Y,,,20,,,,,,,Y,2,0,2,2,A,-,01,23152,A,N,A,C,A,A,H,-,D,D,0,,,,,Y,Y,A,01,2,0,0,0,0,0,0,0,0,"- ","- ",39.165119171142578,-122.96833038330078,LAKE,UNINCORPORATED,-122.96831512451172,39.165149688720703
90983859,2019,2019-05-07,9151,2019-04-24,1710,019811,,3,2,9,1700,0,3,5,,2,007,"HIGHLAND SPRINGS ROAD","FRITCH RD",424.00,N,N,A,-,N,,,,,,,,,,Y,2,0,1,1,C,-,18,,,N,E,I,A,A,H,-,A,D,0,,,,,Y,,-,"- ",1,0,0,0,0,0,0,0,0,"- ","- ",38.969589233398438,-122.8975830078125,LAKE,UNINCORPORATED,-122.8975830078125,38.969547271728516
90994696,2019,2019-05-23,9151,2019-05-11,0757,019533,,6,1,9,1700,0,1,3,,1,011,SR-20,"LINDEN LN.",749.00,W,N,A,-,Y,,,20,,,,,,,Y,2,0,3,2,A,-,01,23152,F,N,A,C,A,A,H,-,A,D,0,,,,,Y,,A,01,1,2,0,0,0,0,0,0,0,"- ","- ",39.028411865234375,-122.73657989501953,LAKE,UNINCORPORATED,-122.73657989501953,39.028415679931641
90997489,2019,2019-10-01,9151,2019-05-19,1221,017904,,7,1,9,1700,0,1,3,,1,024,SR-29,"DEINER DR.",5280.00,N,N,B,F,Y,,,29,,,,,,,Y,1,1,1,2,A,-,03,22350,,N,D,C,A,C,H,-,A,D,0,,,,,Y,,A,07,0,0,1,0,0,0,0,0,0,"- ","- ",38.914619445800781,-122.68920135498047,LAKE,UNINCORPORATED,-122.68922424316406,38.914554595947266
91008826,2019,2019-06-12,9151,2019-06-04,2307,021255,,2,3,9,1700,0,1,3,,1,013,"SR-29 N/B TO NICE-LUCERNE CUTOFF","NICE-LUCERNE CUTOFF",707.00,S,N,A,-,Y,,,29,,,,R,,N,N,2,0,1,2,A,-,11,21954,A,N,G,B,E,A,H,-,C,D,0,Y,,,,Y,,N,60,1,0,0,0,1,0,0,0,0,"- ","- ",39.116321563720703,-122.90516662597656,LAKE,UNINCORPORATED,-122.90516662597656,39.116321563720703