CASE_ID,ACCIDENT_YEAR,PROC_DATE,JURIS,COLLISION_DATE,COLLISION_TIME,OFFICER_ID,REPORTING_DISTRICT,DAY_OF_WEEK,CHP_SHIFT,POPULATION,CNTY_CITY_LOC,SPECIAL_COND,BEAT_TYPE,CHP_BEAT_TYPE,CITY_DIVISION_LAPD,CHP_BEAT_CLASS,BEAT_NUMBER,PRIMARY_RD,SECONDARY_RD,DISTANCE,DIRECTION,INTERSECTION,WEATHER_1,WEATHER_2,STATE_HWY_IND,CALTRANS_COUNTY,CALTRANS_DISTRICT,STATE_ROUTE,ROUTE_SUFFIX,POSTMILE_PREFIX,POSTMILE,LOCATION_TYPE,RAMP_INTERSECTION,SIDE_OF_HWY,TOW_AWAY,COLLISION_SEVERITY,NUMBER_KILLED,NUMBER_INJURED,PARTY_COUNT,PRIMARY_COLL_FACTOR,PCF_CODE_OF_VIOL,PCF_VIOL_CATEGORY,PCF_VIOLATION,PCF_VIOL_SUBSECTION,HIT_AND_RUN,TYPE_OF_COLLISION,MVIW,PED_ACTION,ROAD_SURFACE,ROAD_COND_1,ROAD_COND_2,LIGHTING,CONTROL_DEVICE,CHP_ROAD_TYPE,PEDESTRIAN_ACCIDENT,BICYCLE_ACCIDENT,MOTORCYCLE_ACCIDENT,TRUCK_ACCIDENT,NOT_PRIVATE_PROPERTY,ALCOHOL_INVOLVED,STWD_VEHTYPE_AT_FAULT,CHP_VEHTYPE_AT_FAULT,COUNT_SEVERE_INJ,COUNT_VISIBLE_INJ,COUNT_COMPLAINT_PAIN,COUNT_PED_KILLED,COUNT_PED_INJURED,COUNT_BICYCLIST_KILLED,COUNT_BICYCLIST_INJURED,COUNT_MC_KILLED,COUNT_MC_INJURED,PRIMARY_RAMP,SECONDARY_RAMP,LATITUDE,LONGITUDE,COUNTY,CITY,POINT_X,POINT_Y
91014233,2019,2019-06-20,9151,2019-06-05,1540,019811,,3,2,9,1700,0,1,3,,1,022,SR-20,"NEW LONG VALLEY ROAD",2640.00,W,N,A,-,Y,,,20,,,,,,,Y,1,1,0,1,A,-,01,23152,A,N,E,I,A,A,H,-,A,D,0,,,,,Y,Y,A,01,0,0,0,0,0,0,0,0,0,"- ","- ",39.017471313476562,-122.58479309082031,LAKE,UNINCORPORATED,-122.58477020263672,39.017387390136719
91018528,2019,2019-06-26,9151,2019-06-16,1726,020354,,7,2,9,1700,0,3,5,,2,007,"HIGHLAND SPRINGS ROAD","BELL HILL ROAD",1584.00,W,N,A,-,N,,,,,,,,,,Y,2,0,2,1,A,-,03,22350,,N,E,I,A,A,H,-,A,D,0,,,,,Y,,A,01,2,0,0,0,0,0,0,0,0,"- ","- ",38.952358245849609,-122.897216796875,LAKE,UNINCORPORATED,-122.89620208740234,38.957469940185547
91030048,2019,2019-07-12,9151,2019-07-09,1650,020522,,2,2,9,1700,0,1,3,,1,011,SR-20,"SCOTTS VALLEY ROAD",528.00,E,N,A,-,Y,,,20,,,,,,,Y,2,0,1,2,A,-,05,21460,A,N,A,C,A,A,H,-,A,D,0,,,,,Y,,A,01,1,0,0,0,0,0,0,0,0,"- ","- ",39.157001495361328,-122.99104309082031,LAKE,UNINCORPORATED,-122.99104309082031,39.157012939453125
91044215,2019,2019-08-02,9151,2019-08-01,0750,019076,,4,1,9,1700,0,1,3,,1,011,SR-20,"GROVE ST",528.00,E,N,A,-,Y,,,20,,,,,,,Y,2,0,2,1,A,-,08,22107,,N,E,I,A,A,H,-,A,D,0,,,,,Y,,A,01,2,0,0,0,0,0,0,0,0,"- ","- ",39.097049713134766,-122.80204010009766,LAKE,UNINCORPORATED,-122.80209350585938,39.097015380859375
91048893,2019,2019-08-09,9151,2019-05-27,2335,021793,,1,3,9,1700,0,1,3,,1,011,SR-20,"POMO WAY",2640.00,E,N,A,-,Y,,,20,,,,,,,Y,1,1,0,3,A,-,01,23152,A,F,E,I,A,A,H,-,D,D,0,,,Y,,Y,Y,C,02,0,0,0,0,0,0,0,1,0,"- ","- ",39.13623046875,-122.87906646728516,LAKE,UNINCORPORATED,-122.87918853759766,39.136138916015625
91077215,2019,2019-09-18,9151,2019-09-11,0530,016093,,3,3,9,1700,0,3,5,,2,008,"SPRUCE GROVE ROAD","DEER HILL RD",1584.00,E,N,A,-,N,,,,,,,,,,Y,2,0,1,1,A,-,08,22107,,N,E,I,A,A,H,-,C,D,0,,,,,Y,,D,22,1,0,0,0,0,0,0,0,0,"- ","- ",38.819110870361328,-122.56665802001953,LAKE,UNINCORPORATED,-122.56623840332031,38.819282531738281
91088701,2019,2019-10-02,9151,2019-09-23,2046,020848,,1,2,9,1700,0,3,5,,2,008,"HARTMANN RD","COYOTE VALLEY RD",455.00,W,N,A,-,N,,,,,,,,,,Y,2,0,1,1,A,-,01,23152,A,N,E,J,A,A,H,-,D,D,0,,,,,Y,Y,A,01,1,0,0,0,0,0,0,0,0,"- ","- ",38.792549133300781,-122.55552673339844,LAKE,UNINCORPORATED,-122.55547332763672,38.793891906738281
91090981,2019,2019-10-04,9151,2019-09-27,0805,020955,,5,1,9,1700,0,3,5,,2,008,"BUTTS CANYON RD","GUENOC RD",7392.00,E,N,A,-,N,,,,,,,,,,Y,2,0,1,1,A,-,08,22107,,N,F,I,A,A,H,-,A,D,0,,,,,Y,,A,01,1,0,0,0,0,0,0,0,0,"- ","- ",38.717399597167969,-122.49167633056641,LAKE,UNINCORPORATED,-122.48984527587891,38.716865539550781
91093585,2019,2019-10-09,9151,2019-09-30,0625,019533,,1,1,9,1700,0,1,3,,1,013,SR-29,"TULE LAKE RD.",730.00,N,N,B,-,Y,,,29,,,,,,,N,2,0,2,2,A,-,09,21804,A,F,D,C,A,A,H,-,D,D,0,,,,,Y,,A,01,1,0,1,0,0,0,0,0,0,"- ","- ",39.158519744873047,-122.92079162597656,LAKE,UNINCORPORATED,-122.92079925537109,39.158519744873047
91105324,2019,2019-10-24,9151,2019-10-12,2015,021152,,6,2,9,1700,0,3,5,,2,008,"SPRUCE GROVE RD","DEER HILL ROAD",950.00,E,N,A,-,N,,,,,,,,,,Y,2,0,2,1,A,-,01,23153,A,N,E,I,A,A,H,-,D,D,0,,,,,Y,Y,D,22,1,1,0,0,0,0,0,0,0,"- ","- ",38.820110321044922,-122.57061767578125,LAKE,UNINCORPORATED,-122.56841278076172,38.818981170654297
91107917,2019,2019-10-28,9151,2019-10-17,2259,021793,,4,3,9,1700,0,3,5,,2,004,"POINT LAKEVIEW ROAD","MILLER ROAD",674.00,W,N,A,-,N,,,,,,,,,,Y,2,0,1,1,A,-,08,22107,,N,E,I,A,A,H,-,D,D,0,,,,,Y,Y,A,01,1,0,0,0,0,0,0,0,0,"- ","- ",38.944149017333984,-122.67857360839844,LAKE,UNINCORPORATED,-122.67857360839844,38.944149017333984
91112684,2019,2019-11-04,9151,2019-10-27,1538,017904,,7,2,9,1700,0,1,3,,1,012,"SR-20 E/B","KEYS BLVD.",528.00,E,N,A,-,Y,,,20,,,,,,E,Y,2,0,2,2,A,-,21,22106,,N,D,C,A,A,H,-,A,D,0,,,,,Y,,A,01,2,0,0,0,0,0,0,0,0,"- ","- ",39.025299072265625,-122.65984344482422,LAKE,UNINCORPORATED,-122.65982055664062,39.025337219238281
91128884,2019,2019-11-25,9151,2019-11-16,1935,021419,,6,2,9,1700,0,3,5,,2,005,SR-20,SR-53,200.00,E,N,A,-,Y,,,20,,,,,,,Y,2,0,1,1,A,-,08,22107,,N,E,I,A,A,D,-,D,A,0,,,Y,,Y,,C,02,1,0,0,0,0,0,0,0,1,"- ","- ",39.008708953857422,-122.61357116699219,LAKE,UNINCORPORATED,-122.61358642578125,39.008865356445312
91129232,2019,2019-11-25,9151,2019-11-22,1030,015435,,5,1,9,1700,0,1,3,,1,011,SR-20,"HOWARD AVENUE",0.00,,Y,A,-,N,,,20,,,,,,,Y,2,0,1,2,A,-,09,21802,A,N,D,C,A,A,H,-,A,A,0,,,Y,,Y,,D,22,1,0,0,0,0,0,0,0,1,"- ","- ",39.122730255126953,-122.84323120117188,LAKE,UNINCORPORATED,-122.84321594238281,39.122802734375
91133196,2019,2019-12-02,9151,2019-11-17,1300,019533,,7,1,9,1700,0,3,5,,2,008,"MORGAN VALLEY RD.","REIFF RD.",2200.00,W,N,A,-,N,,,,,,,,,,Y,2,0,1,1,A,-,03,22350,,N,F,A,A,A,A,-,A,D,0,,,Y,,Y,,C,02,1,0,0,0,0,0,0,0,1,"- ","- ",38.876899719238281,-122.43141174316406,LAKE,UNINCORPORATED,-122.43134307861328,38.87689208984375
91139168,2019,2019-12-13,9151,2019-11-09,1744,021419,,6,2,9,1700,0,1,3,,2,015,SR-29,"MAIN STREET",0.00,,Y,A,-,Y,,,29,,,,,,,Y,1,1,0,2,A,-,09,21802,A,N,D,C,A,A,H,-,D,A,0,,,,,Y,,D,22,0,0,0,0,0,0,0,0,0,"- ","- ",38.970920562744141,-122.83027648925781,LAKE,UNINCORPORATED,-122.83026885986328,38.970935821533203
91141376,2019,2019-12-11,9151,2019-12-01,1419,020522,,7,2,9,1700,0,1,3,,1,022,SR-20,"WATERTROUGH ROAD",2640.00,E,N,B,C,Y,,,20,,,,,,,Y,2,0,2,1,A,-,08,22107,,N,E,I,A,B,H,-,A,D,0,,,,,Y,,A,01,2,0,0,0,0,0,0,0,0,"- ","- ",39.022491455078125,-122.48091888427734,LAKE,UNINCORPORATED,-122.48091888427734,39.022487640380859
91145207,2019,2019-12-17,9151,2019-12-13,2100,020326,,5,2,9,1700,0,1,3,,1,035,SR-281,"TENINO WAY",528.00,N,N,B,C,Y,,,281,,,,,,,Y,2,0,1,1,A,-,08,22107,,N,E,I,A,B,H,-,D,D,0,,,,,Y,,D,22,1,0,0,0,0,0,0,0,0,"- ","- ",38.958911895751953,-122.72830200195312,LAKE,UNINCORPORATED,-122.72837829589844,38.958900451660156
91163404,2020,2020-01-10,9151,2020-01-02,1741,022397,,4,2,9,1700,0,3,5,,2,007,"BOTTLE ROCK ROAD",SR-175,1056.00,N,N,B,-,N,,,,,,,,,,Y,2,0,1,1,A,-,01,23152,A,N,E,I,A,B,H,-,D,D,0,,,,,Y,Y,D,22,1,0,0,0,0,0,0,0,0,"- ","- ",38.824089050292969,-122.72312927246094,LAKE,UNINCORPORATED,-122.72405242919922,38.824520111083984
91168529,2020,2020-01-20,9151,2020-01-08,1926,022419,,3,2,9,1700,0,1,3,,1,024,SR-29,"CONSERVATION CAMP 27",4224.00,S,N,B,-,Y,,,29,,,,,,,Y,2,0,1,1,A,-,08,22107,,N,E,I,A,A,H,-,D,D,0,,,,,Y,,A,07,1,0,0,0,0,0,0,0,0,"- ","- ",38.918460845947266,-122.70719146728516,LAKE,UNINCORPORATED,-122.70725250244141,38.918354034423828
91169247,2020,2020-01-21,9151,2020-01-15,2009,022397,,3,2,9,1700,0,3,5,,2,001,"COUNTRY CLUB DRIVE","5TH AVENUE",75.00,E,N,B,-,N,,,,,,,,,,N,2,0,1,1,A,-,08,22107,,N,E,I,A,B,H,-,C,D,0,,,Y,,Y,Y,C,02,1,0,0,0,0,0,0,0,1,"- ","- ",39.093620300292969,-122.79496002197266,LAKE,UNINCORPORATED,-122.79491424560547,39.093677520751953
91174101,2019,2020-03-03,9151,2019-11-05,2034,020848,,2,2,9,1700,0,1,3,,1,011,SR-20,"HUDSON AVE",145.00,E,N,A,-,Y,,,20,,,,,,,N,1,1,0,2,A,-,11,21954,A,N,G,B,D,A,H,-,D,D,0,Y,,,,Y,,N,60,0,0,0,1,0,0,0,0,0,"- ","- ",39.121589660644531,-122.83957672119141,LAKE,UNINCORPORATED,-122.83956909179688,39.121631622314453
91174265,2020,2020-01-27,9151,2020-01-19,1913,022419,,7,2,2,1701,0,1,3,,1,011,SR-20,"VERNA WAY",1056.00,E,N,A,-,Y,,,,,,,,,,Y,2,0,3,2,A,-,05,21460,A,N,B,C,A,A,H,-,D,D,0,,,,Y,Y,,A,07,1,2,0,0,0,0,0,0,0,"- ","- ",39.039649963378906,-122.76220703125,LAKE,LAKEPORT,-122.76125335693359,39.039810180664062
91180543,2020,2020-02-10,9151,2020-01-30,1600,020848,,4,2,9,1700,0,3,5,,2,005,"MERRITT RD",SR-29,631.00,E,N,A,-,N,,,,,,,,,,Y,2,0,2,3,A,-,03,22350,,N,C,C,A,A,H,-,A,D,0,,,Y,,Y,,A,07,1,1,0,0,0,0,0,0,1,"- ","- ",38.982318878173828,-122.85117340087891,LAKE,UNINCORPORATED,,
91183846,2019,2020-03-25,9151,2019-12-17,1730,020354,,2,2,9,1700,0,2,4,,2,025,"SODA BAY ROAD","MISSION RANCHERIA ROAD",1320.00,E,N,A,G,N,,,,,,,,,,N,1,1,0,2,A,-,11,21956,,N,G,B,E,A,H,-,D,D,0,Y,,,,Y,Y,N,60,0,0,0,1,0,0,0,0,0,"- ","- ",39.014858245849609,-122.88175201416016,LAKE,UNINCORPORATED,-122.88273620605469,39.014881134033203
91185212,2020,2020-02-12,9151,2020-02-09,0512,022397,,7,3,9,1700,0,3,5,,2,007,"BOTTLE ROCK ROAD","NANCY DRIVE",15.00,N,N,A,-,N,,,,,,,,,,Y,2,0,1,1,A,-,08,22107,,N,E,I,A,A,H,-,D,D,0,,,,,Y,,D,22,1,0,0,0,0,0,0,0,0,"- ","- ",38.908760070800781,-122.79438018798828,LAKE,UNINCORPORATED,-122.79438781738281,38.908664703369141
91190255,2020,2020-02-20,9151,2020-02-11,1955,020326,,2,2,9,1700,0,1,3,,1,012,SR-20,"ISLAND DR",528.00,W,N,A,-,Y,,,20,,,,,,,Y,2,0,1,1,A,-,08,22107,,N,E,I,A,A,H,-,D,D,0,,,Y,,Y,,C,02,1,0,0,0,0,0,0,0,1,"- ","- ",39.019481658935547,-122.67765808105469,LAKE,UNINCORPORATED,-122.67765045166016,39.019527435302734
91206544,2020,2020-03-11,9151,2020-03-08,1405,020522,,7,2,9,1700,0,1,3,,1,011,SR-20,"SARATOGA SPRINGS ROAD",1056.00,W,N,A,-,Y,,,20,,,,,,,Y,2,0,1,1,A,-,08,22107,,N,F,A,A,A,H,-,A,D,0,,,,,Y,,A,01,1,0,0,0,0,0,0,0,0,"- ","- ",39.164138793945312,-122.98107147216797,LAKE,UNINCORPORATED,-122.98104095458984,39.164096832275391
91215415,2020,2020-03-25,9151,2020-03-21,1423,019200,,6,2,9,1700,0,3,5,,2,005,"E FINLEY ROAD","DORN XING",184.00,N,N,A,B,N,,,,,,,,,,N,2,0,1,1,C,-,18,,,N,H,H,A,A,H,-,A,D,0,,,Y,,Y,,-,"- ",1,0,0,0,0,0,0,0,1,"- ","- ",38.998931884765625,-122.84526824951172,LAKE,UNINCORPORATED,,
91217665,2020,2020-03-27,9151,2020-03-10,2015,020326,,2,2,9,1700,0,1,3,,1,022,SR-20,"NEW LONG VALLEY RD",21648.00,E,N,A,-,Y,,,20,,,,,,,Y,1,1,1,1,A,-,08,22107,,N,F,A,A,A,H,-,D,D,0,,,,,Y,,A,07,0,1,0,0,0,0,0,0,0,"- ","- ",38.996410369873047,-122.51954650878906,LAKE,UNINCORPORATED,-122.51955413818359,38.996417999267578
91220428,2019,2020-04-03,9151,2019-11-30,1320,021014,,6,1,9,1700,0,1,3,,1,022,SR-20,"WALKER RIDGE RD",2112.00,W,N,B,C,Y,,,20,,,,,,,Y,1,1,2,2,A,-,08,22107,,N,A,C,A,B,H,-,A,D,0,,,,,Y,,A,01,2,0,0,0,0,0,0,0,0,"- ","- ",39.023258209228516,-122.46021270751953,LAKE,UNINCORPORATED,-122.46018981933594,39.023296356201172
91222662,2020,2020-04-07,9151,2020-04-02,1832,019200,,4,2,9,1700,0,2,4,,2,043,"LAKESHORE BLVD","LAKEVIEW DRIVE",127.00,S,N,A,-,N,,,,,,,,,,Y,2,0,1,2,A,-,01,23152,A,N,A,C,A,A,H,-,A,D,0,,,Y,,Y,Y,C,02,1,0,0,0,0,0,0,0,1,"- ","- ",39.089588165283203,-122.90357208251953,LAKE,UNINCORPORATED,-122.90354156494141,39.089683532714844
91235017,2020,2020-05-07,9151,2020-04-12,1210,019533,,7,1,9,1700,0,1,3,,1,011,SR-20,"HARVEY BLVD.",6336.00,E,N,A,-,Y,,,20,,,,,,,Y,2,0,1,1,A,-,03,22350,,N,F,A,A,A,H,-,A,A,0,,,,Y,Y,,G,25,1,0,0,0,0,0,0,0,0,"- ","- ",39.022331237792969,-122.71761322021484,LAKE,UNINCORPORATED,-122.71757507324219,39.022354125976562
91243157,2020,2020-05-27,9151,2020-05-23,1143,017904,,6,1,9,1700,0,3,5,,2,008,"BUTTS CANYON RD.","NAPA CO. LN.",1584.00,W,N,A,-,N,,,,,,,,,,Y,2,0,1,1,A,-,08,22107,,N,F,A,A,A,H,-,A,D,0,,,Y,,Y,,C,02,1,0,0,0,0,0,0,0,1,"- ","- ",38.708709716796875,-122.46872711181641,LAKE,UNINCORPORATED,,
91247630,2020,2020-06-04,9151,2020-05-26,1630,019200,,2,2,9,1700,0,1,3,,2,015,SR-29,"BELL HILL ROAD",0.00,,Y,A,-,Y,,,29,,,,,,,Y,2,0,2,2,A,-,09,21802,A,N,D,C,A,A,H,-,A,A,0,,,,,Y,,A,07,1,1,0,0,0,0,0,0,0,"- ","- ",38.975658416748047,-122.84255981445312,LAKE,UNINCORPORATED,-122.84255218505859,38.975681304931641
91260978,2020,2020-06-30,9151,2020-06-22,0630,017141,,1,1,9,1700,0,1,3,,2,018,SR-29,"HOFACKER LN",5808.00,N,N,A,-,Y,,,29,,,,,,,Y,2,0,1,1,A,-,08,22107,,N,E,I,A,A,H,-,A,D,0,,,,,Y,,A,01,1,0,0,0,0,0,0,0,0,"- ","- ",38.857810974121094,-122.62741851806641,LAKE,UNINCORPORATED,-122.62736511230469,38.857875823974609
91262024,2020,2020-07-02,9151,2020-06-24,1150,015435,,3,1,9,1700,0,3,5,,2,001,"LAKESHORE BOULEVARD","BEACH LANE",275.00,S,N,A,-,N,,,,,,,,,,N,2,0,1,1,A,-,08,22107,,N,F,A,A,A,H,-,A,D,0,,Y,,,Y,,L,04,1,0,0,0,0,0,1,0,0,"- ","- ",39.121368408203125,-122.84243774414062,LAKE,UNINCORPORATED,-122.91319274902344,39.061305999755859
91265906,2020,2020-07-09,9151,2020-07-02,1801,019200,,4,2,2,1701,0,2,4,,2,043,"LAKESHORE BLVD","MIRAMONTE AVE",238.00,S,N,A,-,N,,,,,,,,,,Y,2,0,1,1,A,-,01,23152,A,N,E,I,A,A,H,-,A,D,0,,,,,Y,Y,A,07,1,0,0,0,0,0,0,0,0,"- ","- ",39.099998474121094,-122.90032196044922,LAKE,LAKEPORT,-122.90043640136719,39.100017547607422
91271047,2020,2020-07-20,9151,2020-07-12,1000,017300,,7,1,9,1700,0,1,3,,1,023,SR-175,"MATHEWS ROAD",7920.00,E,N,A,-,Y,,,175,,,,,,,Y,2,0,1,1,A,-,00,22017,,N,E,I,A,A,H,-,A,D,0,,,Y,,Y,,C,02,1,0,0,0,0,0,0,0,1,"- ","- ",38.995819091796875,-122.93087768554688,LAKE,UNINCORPORATED,-122.93087768554688,38.9957275390625
91272529,2020,2020-07-22,9151,2020-07-20,2210,021255,,1,3,9,1700,0,1,3,,1,011,SR-20,"POMO WAY",1056.00,W,N,A,-,Y,,,20,,,,,,,Y,2,0,4,3,A,-,01,23152,A,N,C,C,A,A,D,-,D,D,0,,,,,Y,Y,A,01,2,2,0,0,0,0,0,0,0,"- ","- ",39.144569396972656,-122.88477325439453,LAKE,UNINCORPORATED,-122.88475799560547,39.144580841064453
91276358,2020,2020-07-29,9151,2020-07-20,1050,017141,,1,1,9,1700,0,1,3,,1,011,SR-20,"BARTLETT SPRINGS RD",4224.00,E,N,A,-,Y,,,20,,,,,,,Y,2,0,1,1,A,-,08,22107,,N,E,I,A,A,H,-,A,D,0,,,,,Y,,A,08,1,0,0,0,0,0,0,0,0,"- ","- ",39.105449676513672,-122.81121063232422,LAKE,UNINCORPORATED,-122.81122589111328,39.105422973632812
91279518,2020,2020-08-03,9151,2020-07-24,1021,019533,,5,1,9,1700,0,1,3,,1,013,"SR-29 N/B","NICE-LUCERNE CUT OFF",3696.00,S,N,A,-,Y,,,29,,,,,,N,Y,2,0,1,1,A,-,08,22107,,N,E,I,A,A,H,-,A,D,0,,,,,Y,,A,01,1,0,0,0,0,0,0,0,0,"- ","- ",39.108669281005859,-122.91066741943359,LAKE,UNINCORPORATED,-122.91072845458984,39.108688354492188
91284275,2020,2020-08-11,9151,2020-08-01,1814,020848,,6,2,9,1700,0,1,3,,1,012,SR-20,"HILLSIDE LN",78.00,W,N,A,-,Y,,,20,,,,,,,N,2,0,1,2,A,-,01,23152,A,F,B,C,A,A,H,-,A,D,0,,,Y,,Y,Y,A,07,1,0,0,0,0,0,0,0,1,"- ","- ",39.019668579101562,-122.68644714355469,LAKE,UNINCORPORATED,-122.68644714355469,39.019691467285156
91305294,2020,2020-09-15,9151,2020-09-06,1830,018981,,7,2,9,1700,0,2,S,,2,904,"BARTLET SPRINGS RD","TWIN VALLEY RD",528.00,E,N,A,-,N,,,,,,,,,,Y,2,0,2,1,A,-,01,23152,A,N,F,A,A,A,H,-,A,D,0,,,Y,,Y,Y,C,06,2,0,0,0,0,0,0,0,2,"- ","- ",39.162418365478516,-122.61264801025391,LAKE,UNINCORPORATED,-122.70732116699219,39.183574676513672
91309422,2020,2020-09-22,9151,2020-09-13,1100,017300,,7,1,9,1700,0,1,3,,1,022,SR-20,"NEW LONG VALLEY ROAD",10560.00,E,N,A,-,Y,,,20,,,,,,,Y,2,0,2,2,A,-,08,22107,,N,D,C,A,A,H,-,A,A,0,,,,,Y,,D,22,1,1,0,0,0,0,0,0,0,"- ","- ",38.995128631591797,-122.55129241943359,LAKE,UNINCORPORATED,-122.55132293701172,38.995075225830078
91315605,2020,2020-10-01,9151,2020-09-23,2012,020326,,3,2,9,1700,0,1,3,,1,012,SR-20,"FOOTHILL BLVD",30.00,W,N,A,-,Y,,,20,,,,,,,N,2,0,1,2,A,-,11,21954,A,N,G,B,E,A,H,-,D,D,0,Y,,,,Y,,N,60,1,0,0,0,1,0,0,0,0,"- ","- ",39.024200439453125,-122.67431640625,LAKE,UNINCORPORATED,-122.67436981201172,39.024234771728516
91315634,2020,2021-01-06,9151,2020-09-01,0915,017300,,2,1,9,1700,0,1,3,,1,016,SR-53,"OGULIN CANYON ROAD",7392.00,N,N,A,-,Y,,,53,,,,,,,Y,1,1,2,3,A,-,06,21751,,N,A,C,A,A,H,-,A,A,0,,,,,Y,,A,01,1,0,1,0,0,0,0,0,0,"- ","- ",38.997940063476562,-122.60645294189453,LAKE,UNINCORPORATED,-122.60640716552734,38.997917175292969
91321236,2020,2020-10-15,9151,2020-08-01,2210,021793,,6,3,9,1700,0,1,3,,1,022,SR-20,"NEW LONG VALLEY ROAD",16896.00,E,N,A,-,Y,,,20,,,,,,,Y,1,2,1,2,A,-,08,22107,,N,A,C,A,A,H,-,D,D,0,,,Y,,Y,Y,C,02,1,0,0,0,0,0,0,2,0,"- ","- ",38.99639892578125,-122.51959228515625,LAKE,UNINCORPORATED,-122.51959228515625,38.996410369873047
91333498,2020,2020-10-28,9151,2020-10-19,1749,020354,,1,2,9,1700,0,1,3,,2,018,SR-29,"C STREET",395.00,S,N,A,-,Y,,,29,,,,,,,Y,2,0,5,2,A,-,03,22350,,N,C,C,A,A,H,-,A,D,0,,,,,Y,,A,08,1,0,4,0,0,0,0,0,0,"- ","- ",38.880008697509766,-122.61344146728516,LAKE,UNINCORPORATED,-122.61344909667969,38.880035400390625
91344372,2020,2020-11-12,9151,2020-11-05,1434,020848,,4,2,9,1700,0,1,3,,2,018,SR-29,"ST HELENA CREEK RD",1056.00,S,N,A,-,Y,,,29,,,,,,,Y,2,0,1,2,A,-,05,21460,A,N,A,C,A,A,H,-,A,D,0,,,Y,,Y,,C,02,1,0,0,0,0,0,0,0,1,"- ","- ",38.755828857421875,-122.61023712158203,LAKE,UNINCORPORATED,-122.6102294921875,38.755786895751953
91346907,2020,2020-11-17,9151,2020-11-07,2227,022419,,6,3,9,1700,0,1,3,,1,013,SR-29,"SR-175 HOPLAND EXT.",160.00,N,N,B,-,Y,,,29,,,,,,,Y,2,0,2,2,A,-,01,23152,A,N,C,C,A,A,H,-,C,D,0,,,,,Y,Y,A,07,1,1,0,0,0,0,0,0,0,"- ","- ",39.017578125,-122.91329193115234,LAKE,UNINCORPORATED,-122.91333770751953,39.017547607421875
91346953,2020,2020-11-17,9151,2020-11-09,1850,021255,,1,2,9,1700,0,1,3,,1,024,SR-29,"SEIGLER CANYON ROAD",2640.00,S,N,A,-,Y,,,29,,,,,,,Y,2,0,3,1,A,-,08,22107,,N,E,I,A,A,H,-,D,D,0,,,,,Y,,A,01,2,1,0,0,0,0,0,0,0,"- ","- ",38.910541534423828,-122.62576293945312,LAKE,UNINCORPORATED,-122.62576293945312,38.910480499267578
91355221,2020,2020-11-30,9151,2020-11-18,1440,019200,,3,2,9,1700,0,1,3,,1,011,SR-20,"HUDSON AVE",60.00,W,N,B,-,Y,,,20,,,,,,,Y,2,0,3,4,A,-,03,22350,,N,C,C,A,A,H,-,A,A,0,,,,,Y,,A,01,1,2,0,0,0,0,0,0,0,"- ","- ",39.121891021728516,-122.84046936035156,LAKE,UNINCORPORATED,-122.8404541015625,39.121936798095703
91366458,2020,2021-02-10,9151,2020-10-29,1720,022070,,4,2,9,1700,0,1,3,,2,018,SR-29,"C ST",90.00,S,N,A,-,Y,,,29,,,,,,,Y,1,1,3,5,A,-,08,22107,,N,A,C,A,A,H,-,A,D,0,,,,,Y,,D,22,0,3,0,0,0,0,0,0,0,"- ","- ",38.880069732666016,-122.61342620849609,LAKE,UNINCORPORATED,-122.61341857910156,38.880050659179688
91401642,2021,2021-02-03,9151,2021-01-28,0708,015435,,4,1,9,1700,0,1,3,,1,013,"SR-29 N/B","ELEVENTH STREET",22.00,S,N,C,-,Y,,,29,,,,,,N,Y,2,0,1,2,A,-,08,22107,,N,E,I,A,B,H,-,A,D,0,,,,Y,Y,,A,01,1,0,0,0,0,0,0,0,0,"- ","- ",39.050041198730469,-122.93148803710938,LAKE,UNINCORPORATED,-122.931396484375,39.050033569335938
91409118,2021,2021-02-16,9151,2021-01-29,0903,019533,,5,1,9,1700,0,3,5,,2,004,"LEE BARR DR.",SR-29,683.00,E,N,B,-,N,,,,,,,,,,Y,2,0,2,2,A,-,01,23152,A,F,A,C,A,A,H,-,A,D,0,,,,,Y,Y,A,01,1,0,1,0,0,0,0,0,0,"- ","- ",38.912158966064453,-122.61531829833984,LAKE,UNINCORPORATED,-122.61485290527344,38.910259246826172