CASE_ID,ACCIDENT_YEAR,PROC_DATE,JURIS,COLLISION_DATE,COLLISION_TIME,OFFICER_ID,REPORTING_DISTRICT,DAY_OF_WEEK,CHP_SHIFT,POPULATION,CNTY_CITY_LOC,SPECIAL_COND,BEAT_TYPE,CHP_BEAT_TYPE,CITY_DIVISION_LAPD,CHP_BEAT_CLASS,BEAT_NUMBER,PRIMARY_RD,SECONDARY_RD,DISTANCE,DIRECTION,INTERSECTION,WEATHER_1,WEATHER_2,STATE_HWY_IND,CALTRANS_COUNTY,CALTRANS_DISTRICT,STATE_ROUTE,ROUTE_SUFFIX,POSTMILE_PREFIX,POSTMILE,LOCATION_TYPE,RAMP_INTERSECTION,SIDE_OF_HWY,TOW_AWAY,COLLISION_SEVERITY,NUMBER_KILLED,NUMBER_INJURED,PARTY_COUNT,PRIMARY_COLL_FACTOR,PCF_CODE_OF_VIOL,PCF_VIOL_CATEGORY,PCF_VIOLATION,PCF_VIOL_SUBSECTION,HIT_AND_RUN,TYPE_OF_COLLISION,MVIW,PED_ACTION,ROAD_SURFACE,ROAD_COND_1,ROAD_COND_2,LIGHTING,CONTROL_DEVICE,CHP_ROAD_TYPE,PEDESTRIAN_ACCIDENT,BICYCLE_ACCIDENT,MOTORCYCLE_ACCIDENT,TRUCK_ACCIDENT,NOT_PRIVATE_PROPERTY,ALCOHOL_INVOLVED,STWD_VEHTYPE_AT_FAULT,CHP_VEHTYPE_AT_FAULT,COUNT_SEVERE_INJ,COUNT_VISIBLE_INJ,COUNT_COMPLAINT_PAIN,COUNT_PED_KILLED,COUNT_PED_INJURED,COUNT_BICYCLIST_KILLED,COUNT_BICYCLIST_INJURED,COUNT_MC_KILLED,COUNT_MC_INJURED,PRIMARY_RAMP,SECONDARY_RAMP,LATITUDE,LONGITUDE,COUNTY,CITY,POINT_X,POINT_Y
91409141,2021,2021-02-16,9151,2021-01-29,1136,019533,,5,1,9,1700,0,1,3,,2,018,SR-29,"ST. HELENA DR.",5280.00,N,N,A,-,Y,,,29,,,,,,,Y,2,0,1,1,C,-,18,,,N,E,I,A,A,H,-,A,D,0,,,,,Y,,-,"- ",1,0,0,0,0,0,0,0,0,"- ","- ",38.772529602050781,-122.58524322509766,LAKE,UNINCORPORATED,-122.5850830078125,38.772438049316406
91422370,2021,2021-03-08,9151,2021-02-27,1605,021014,,6,2,9,1700,0,1,3,,1,023,SR-175,"MATHEWS RD",8448.00,W,N,A,-,Y,,,175,,,,,,,Y,2,0,1,1,A,-,08,22107,,N,F,A,A,A,H,-,A,D,0,,,Y,,Y,,C,02,1,0,0,0,0,0,0,0,1,"- ","- ",38.996028900146484,-122.93798828125,LAKE,UNINCORPORATED,-122.93798828125,38.996006011962891
91424228,2021,2021-03-10,9151,2021-03-01,1218,017300,,1,1,9,1700,0,1,3,,1,012,SR-20,"SULPHUR BANK ROAD",55.00,W,N,A,-,Y,,,20,,,,,,,Y,2,0,1,3,A,-,09,21804,A,N,D,C,A,A,H,-,A,A,0,,,,Y,Y,,A,07,1,0,0,0,0,0,0,0,0,"- ","- ",39.020500183105469,-122.64907836914062,LAKE,UNINCORPORATED,-122.64908599853516,39.020492553710938
91427291,2021,2021-03-15,9151,2021-03-06,2147,022419,,6,2,9,1700,0,1,3,,1,012,SR-20,"BERYL WAY",199.00,W,N,A,-,Y,,,20,,,,,,,Y,2,0,1,1,A,-,08,22107,,N,E,I,A,A,H,-,D,D,0,,,,,Y,,D,22,1,0,0,0,0,0,0,0,0,"- ","- ",39.020401000976562,-122.693603515625,LAKE,UNINCORPORATED,-122.693603515625,39.020412445068359
91430513,2021,2021-03-18,9151,2021-03-08,1655,020354,,1,2,9,1700,0,3,5,,2,005,"SODA BAY ROAD","GLEBE ROAD",2.00,W,N,B,-,N,,,,,,,,,,Y,2,0,1,1,A,-,08,22107,,N,E,J,A,A,H,-,A,D,0,,,,,Y,,D,22,1,0,0,0,0,0,0,0,0,"- ","- ",39.009571075439453,-122.80581665039062,LAKE,UNINCORPORATED,-122.80668640136719,39.008968353271484
91433426,2021,2021-04-26,9151,2021-01-24,0005,022397,,7,3,9,1700,0,1,3,,1,013,"SR-29 S/B","SCOTTS VALLEY ROAD",1056.00,N,N,B,-,Y,,,29,,,,,,S,Y,1,1,0,1,A,-,08,22107,,N,E,I,A,A,H,-,D,D,0,,,,,Y,Y,A,07,0,0,0,0,0,0,0,0,0,"- ","- ",39.053741455078125,-122.93131256103516,LAKE,UNINCORPORATED,-122.93112182617188,39.053714752197266
91463565,2021,2021-05-27,9151,2021-04-16,1056,019533,,5,1,9,1700,0,1,3,,1,011,SR-20,"CATHOLIC CHURCH RD",0.00,,Y,A,-,Y,,,20,,,,,,,Y,2,0,2,2,A,-,03,22350,,N,C,C,A,A,H,-,A,D,0,,,,,Y,,A,01,1,1,0,0,0,0,0,0,0,"- ","- ",39.013648986816406,-122.63468933105469,LAKE,UNINCORPORATED,-122.63468933105469,39.013645172119141
91491274,2021,2021-06-07,9151,2021-03-31,1209,017141,,3,1,9,1700,0,1,3,,2,015,SR-29,"CRUICKSHANK RD",1584.00,S,N,A,-,Y,,,29,,,,,,,Y,1,1,0,1,A,-,08,22107,,N,F,A,A,A,H,-,A,D,0,,,,,Y,,A,07,0,0,0,0,0,0,0,0,0,"- ","- ",38.963981628417969,-122.82927703857422,LAKE,UNINCORPORATED,-122.82935333251953,38.963973999023438
91494514,2021,2021-06-10,9151,2021-06-03,1435,020848,,4,2,9,1700,0,1,3,,1,011,SR-20,"PINGREE ROAD",0.00,,N,A,-,Y,,,,,,,,,,Y,2,0,1,4,A,-,08,22107,,N,E,E,A,A,H,-,A,D,0,,,,,Y,Y,A,07,1,0,0,0,0,0,0,0,0,"- ","- ",,,LAKE,UNINCORPORATED,-122.70139312744141,39.020767211914062
91536820,2021,2021-08-04,9151,2021-07-21,1025,017141,,3,1,9,1700,0,3,5,,2,003,"SCOTTS VALLEY RD","HILL RD, EAST",528.00,W,N,A,-,N,,,,,,,,,,Y,2,0,1,1,A,-,01,23152,A,N,E,I,A,A,H,-,A,D,0,,,Y,,Y,Y,C,02,1,0,0,0,0,0,0,0,1,"- ","- ",39.062210083007812,-122.93666839599609,LAKE,UNINCORPORATED,-122.93701934814453,39.062221527099609
91539244,2021,2021-08-06,9151,2021-07-23,1515,020848,,5,2,9,1700,0,1,3,,1,011,SR-20,"CRUMP AVENUE",17.00,W,N,A,-,Y,,,20,,,,,,,Y,2,0,1,2,A,-,08,22107,,N,C,C,A,A,H,-,A,D,0,,,Y,,Y,,C,02,1,0,0,0,0,0,0,0,1,"- ","- ",39.123020172119141,-122.84499359130859,LAKE,UNINCORPORATED,-122.84499359130859,39.123023986816406
91540471,2021,2021-08-09,9151,2021-07-27,1710,020955,,2,2,9,1700,0,1,3,,1,024,SR-29,"DIENER DR",2640.00,S,N,A,-,Y,,,29,,,,,,,Y,2,0,2,2,A,-,03,22350,,N,C,C,A,A,H,-,C,D,0,,,,,Y,Y,A,01,1,1,0,0,0,0,0,0,0,"- ","- ",38.905998229980469,-122.65746307373047,LAKE,UNINCORPORATED,-122.657470703125,38.906040191650391
91543862,2021,2021-08-12,9151,2021-07-24,1610,021761,,6,2,9,1700,0,1,3,,1,012,SR-20,"SULPHUR BANK DR.",585.00,E,N,A,-,Y,,,20,,,,,,,Y,2,0,7,4,A,-,01,23152,A,N,C,2,A,A,H,-,A,D,0,,,,,Y,Y,A,07,2,5,0,0,0,0,0,0,0,"- ","- ",39.019538879394531,-122.64730834960938,LAKE,UNINCORPORATED,-122.64730072021484,39.019557952880859
91560292,2021,2021-09-01,9151,2021-08-24,0023,022419,,2,3,9,1700,0,1,3,,1,011,SR-20,"BRUNER DR",4752.00,W,N,A,-,Y,,,20,,,,,,,Y,2,0,3,3,A,-,01,23152,A,N,E,8,A,A,H,-,D,D,0,,,,,Y,Y,A,07,1,0,2,0,0,0,0,0,0,"- ","- ",39.0548095703125,-122.78272247314453,LAKE,UNINCORPORATED,-122.78267669677734,39.054813385009766
91568695,2021,2021-09-13,9151,2021-08-28,2105,022258,,6,2,9,1700,0,1,3,,1,022,SR-20,"LANCE ROAD",2605.00,E,N,A,-,Y,,,20,,,,,,,Y,2,0,5,2,C,-,18,,,N,C,C,A,A,D,-,D,D,0,,,,,Y,Y,-,"- ",1,3,1,0,0,0,0,0,0,"- ","- ",39.002311706542969,-122.49957275390625,LAKE,UNINCORPORATED,-122.49957275390625,39.002296447753906
91570139,2021,2021-09-14,9151,2021-09-01,1305,017300,,3,1,9,1700,0,1,3,,1,011,SR-20,"FOURTH AVENUE",90.00,E,N,A,-,Y,,,20,,,,,,,Y,2,0,1,2,A,-,03,22350,,N,C,C,A,A,H,-,A,A,0,,,Y,,Y,,C,02,1,0,0,0,0,0,0,0,1,"- ","- ",39.092960357666016,-122.79878234863281,LAKE,UNINCORPORATED,-122.79879760742188,39.092945098876953
91570143,2021,2021-09-14,9151,2021-09-05,0629,021793,,7,1,9,1700,0,1,3,,2,018,SR-29,"HILL AVE",186.00,N,N,A,-,Y,,,29,,,,,,,N,2,0,1,1,A,-,08,22107,,N,E,I,A,A,H,-,B,D,0,,,,,Y,,A,07,1,0,0,0,0,0,0,0,0,"- ","- ",38.747829437255859,-122.61737060546875,LAKE,UNINCORPORATED,-122.61746978759766,38.747966766357422
91573713,2021,2021-09-20,9151,2021-06-16,1517,019200,,3,2,9,1700,0,1,3,,1,011,SR-20,"POMO WAY",600.00,E,N,A,-,Y,,,20,,,,,,,Y,1,1,1,2,A,-,05,21460,A,N,A,C,A,A,H,-,A,D,0,,,,,Y,,D,22,0,1,0,0,0,0,0,0,0,"- ","- ",39.140010833740234,-122.88192749023438,LAKE,UNINCORPORATED,-122.88184356689453,39.140068054199219
91589907,2021,2021-10-06,9151,2021-09-24,1940,021793,,5,2,9,1700,0,1,3,,1,012,SR-20,"HILLSIDE LANE",122.00,E,N,A,-,Y,,,20,,,,,,,N,2,0,1,2,A,-,11,21954,A,N,G,B,E,A,H,-,D,D,0,Y,,,,Y,,N,60,1,0,0,0,1,0,0,0,0,"- ","- ",39.019889831542969,-122.68588256835938,LAKE,UNINCORPORATED,-122.68586730957031,39.019874572753906
91593231,2021,2021-10-11,9151,2021-10-02,1910,020848,,6,2,9,1700,0,1,3,,1,023,SR-175,"ADOBE CREEK RD",3696.00,W,N,A,-,Y,,,175,,,,,,,Y,2,0,1,2,A,-,01,23152,A,N,B,C,A,A,H,-,A,D,0,,,Y,,Y,Y,C,02,1,0,0,0,0,0,0,0,1,"- ","- ",38.985668182373047,-122.98169708251953,LAKE,UNINCORPORATED,-122.98165130615234,38.985694885253906
91613907,2021,2021-11-02,9151,2021-08-07,0010,019076,,6,3,9,1700,0,1,3,,1,035,SR-281,SR-29,4224.00,N,N,A,-,Y,,,281,,,,,,,Y,1,1,0,1,A,-,01,23152,A,N,E,9,A,A,H,-,D,D,0,,,Y,,Y,Y,C,02,0,0,0,0,0,0,0,1,0,"- ","- ",38.940738677978516,-122.73892211914062,LAKE,UNINCORPORATED,-122.73884582519531,38.940708160400391
91625769,2021,2021-11-16,9151,2021-11-10,1349,016093,,3,1,9,1700,0,1,3,,1,028,SR-175,"DRY CREEK CUT-OFF",2112.00,W,N,A,-,Y,,,175,,,,,,,Y,2,0,3,2,A,-,08,22107,,N,D,C,A,A,H,-,A,D,0,,,,,Y,,A,07,1,2,0,0,0,0,0,0,0,"- ","- ",38.763618469238281,-122.64539337158203,LAKE,UNINCORPORATED,-122.64537811279297,38.763633728027344
91642530,2021,2021-12-03,9151,2021-11-19,1555,021014,,5,2,9,1700,0,1,3,,1,028,SR-175,"NEFT ROAD",210.00,W,N,B,C,Y,,,175,,,,,,,Y,2,0,2,2,A,-,01,23152,A,N,A,C,A,B,H,-,A,D,0,,,,,Y,Y,A,01,2,0,0,0,0,0,0,0,0,"- ","- ",38.787239074707031,-122.69322967529297,LAKE,UNINCORPORATED,-122.69319152832031,38.787242889404297
91650840,2021,2021-12-13,9151,2021-12-06,1808,020522,,1,2,9,1700,0,1,3,,1,011,SR-20,"WITTER SPRINGS ROAD",400.00,W,N,B,C,Y,,,20,,,,,,,Y,2,0,2,2,A,-,05,21460,A,N,A,C,A,B,D,-,D,D,0,,,,,Y,,A,07,2,0,0,0,0,0,0,0,0,"- ","- ",39.1650390625,-122.96569061279297,LAKE,UNINCORPORATED,-122.96569061279297,39.165031433105469
91658852,2021,2021-12-22,9151,2021-12-13,2135,020326,,1,2,9,1700,0,1,3,,1,035,SR-281,SR-29,4224.00,N,N,B,C,Y,,,281,,,,,,,Y,2,0,1,1,A,-,08,22107,,N,E,I,A,B,H,-,D,D,0,,,,,Y,,A,01,1,0,0,0,0,0,0,0,0,"- ","- ",38.941440582275391,-122.73844909667969,LAKE,UNINCORPORATED,-122.73841857910156,38.941410064697266
91659297,2021,2021-12-22,9151,2021-12-15,0008,022397,,3,3,9,1700,0,1,3,,1,011,SR-20,"WITTER SPRINGS ROAD",2112.00,E,N,B,-,Y,,,20,,,,,,,Y,2,0,1,1,A,-,03,22350,,N,F,I,A,C,D,-,D,D,0,,,,,Y,,D,22,1,0,0,0,0,0,0,0,0,"- ","- ",39.170658111572266,-122.95784759521484,LAKE,UNINCORPORATED,-122.95777893066406,39.170597076416016
91671255,2021,2022-01-05,9151,2021-12-23,1821,019200,,4,2,9,1700,0,1,3,,1,011,SR-20,"STANFORD AVE",500.00,E,N,B,C,Y,,,20,,,,,,,Y,2,0,3,2,A,-,21,22106,,N,D,C,A,B,H,-,D,D,0,,,,,Y,,A,01,2,1,0,0,0,0,0,0,0,"- ","- ",39.106578826904297,-122.81311798095703,LAKE,UNINCORPORATED,-122.81311798095703,39.106582641601562
91681693,2021,2022-01-28,9151,2021-07-31,1451,020848,,6,2,9,1700,0,1,3,,1,011,SR-20,"BLUE LAKES ROAD",105.00,W,N,A,-,Y,,,20,,,,,,,Y,1,1,3,2,A,-,08,22107,,N,A,C,A,A,H,-,A,D,0,,,,,Y,,A,01,1,1,1,0,0,0,0,0,0,"- ","- ",39.186721801757812,-123.02973937988281,LAKE,UNINCORPORATED,-123.02973937988281,39.186729431152344
91685035,2022,2022-01-25,9151,2022-01-23,1455,020522,,7,2,9,1700,0,2,4,,2,025,"SODA BAY ROAD","LITTLE BORAX LAKE ROAD",380.00,W,N,A,-,N,,,,,,,,,,N,2,0,1,1,A,-,08,22107,,N,F,A,A,A,H,-,A,D,0,,,Y,,Y,,C,02,1,0,0,0,0,0,0,0,1,"- ","- ",39.003341674804688,-122.76225280761719,LAKE,UNINCORPORATED,-122.76362609863281,39.004444122314453
91720898,2021,2022-03-11,9151,2021-09-22,0725,017141,,3,1,9,1700,0,2,4,,2,043,"NICE LUCERNE CUTOFF","LAKESHORE BLVD",4224.00,E,N,A,-,N,,,,,,,,,,Y,1,1,1,2,A,-,01,23152,F,N,A,C,A,A,H,-,A,D,0,,,,,Y,,A,01,0,1,0,0,0,0,0,0,0,"- ","- ",39.121040344238281,-122.89134979248047,LAKE,UNINCORPORATED,-122.89070129394531,39.12091064453125
91730325,2022,2022-03-23,9151,2022-03-12,1156,016093,,6,1,9,1700,0,1,3,,1,012,SR-20,"CATHOLIC CHURCH ROAD",330.00,W,N,A,-,Y,LAK,,20,,,30.393,H,,R,Y,2,0,1,1,A,-,08,22107,,N,F,A,A,A,H,-,A,D,0,,,,,Y,,A,07,1,0,0,0,0,0,0,0,0,"- ","- ",39.013748168945312,-122.63551330566406,LAKE,UNINCORPORATED,-122.63548278808594,39.013828277587891
91746490,2022,2022-05-05,9151,2022-04-01,2358,021255,,5,3,9,1700,0,2,4,,2,025,"SODA BAY ROAD","STONE DRIVE",185.00,W,N,A,-,N,,,,,,,,,,Y,1,1,0,1,A,-,01,23152,A,N,E,I,A,A,H,-,D,D,0,,,,,Y,Y,A,01,0,0,0,0,0,0,0,0,0,"- ","- ",39.014789581298828,-122.87637329101562,LAKE,UNINCORPORATED,-122.87621307373047,39.014900207519531
91750197,2022,2022-04-18,9151,2022-01-16,2352,022397,,7,3,9,1700,0,1,3,,1,011,SR-20,"LAKE STREET",175.00,E,N,A,-,Y,LAK,,20,,,16.845,H,,R,Y,1,1,1,2,A,-,01,23152,A,N,C,2,A,A,H,-,C,D,0,,,,Y,Y,Y,A,01,0,0,1,0,0,0,0,0,0,"- ","- ",39.0955810546875,-122.80108642578125,LAKE,UNINCORPORATED,-122.80118560791016,39.095527648925781
91753626,2022,2022-04-21,9151,2022-04-14,1620,021761,,4,2,9,1700,0,1,3,,1,011,SR-20,"16TH AVENUE",100.00,W,N,B,C,Y,LAK,,20,,,17.712,H,,R,Y,2,0,1,1,A,-,03,22350,,N,E,I,A,B,H,-,A,D,0,,,,,Y,,A,07,1,0,0,0,0,0,0,0,0,"- ","- ",39.085700988769531,-122.79170227050781,LAKE,UNINCORPORATED,-122.79180908203125,39.085628509521484
91764715,2021,2022-05-04,9151,2021-10-24,1725,020955,,7,2,9,1700,0,1,3,,2,018,SR-29,"HILDERBRAND DRIVE",380.50,N,N,B,C,Y,,,29,,,,,,,Y,1,1,2,1,A,-,03,22350,,N,E,8,A,B,H,-,B,D,0,,,,,Y,,A,01,2,0,0,0,0,0,0,0,0,"- ","- ",38.704689025878906,-122.60563659667969,LAKE,UNINCORPORATED,-122.60569763183594,38.704643249511719
91767784,2022,2022-05-09,9151,2022-05-04,1400,020848,,3,2,9,1700,0,1,3,,1,022,SR-20,"MULE SKINNER RD",2640.00,E,N,A,-,Y,LAK,,20,,,39.387,H,,R,Y,2,0,1,1,A,-,08,22107,,N,E,I,A,A,H,-,A,D,0,,,,,Y,Y,A,01,1,0,0,0,0,0,0,0,0,"- ","- ",39.003261566162109,-122.50222015380859,LAKE,UNINCORPORATED,-122.50210571289062,39.00335693359375
91785239,2022,2022-05-31,9151,2022-05-18,1725,022744,,3,2,9,1700,0,1,3,,1,028,SR-175,"NAPA AVENUE",260.00,W,N,A,-,Y,LAK,,175,,,27.377,H,,R,Y,2,0,1,1,A,-,08,22107,,N,E,J,A,A,H,-,A,D,0,,,,,Y,,A,07,1,0,0,0,0,0,0,0,0,"- ","- ",38.75531005859375,-122.62696075439453,LAKE,UNINCORPORATED,-122.62694549560547,38.755336761474609
91788172,2022,2022-06-03,9151,2022-05-21,1555,022593,,6,2,9,1700,0,3,5,,2,001,"COUNTRY CLUB DRIVE","TENTH AVENUE",22.00,E,N,A,-,N,,,,,,,,,,N,2,0,1,2,A,-,11,21954,A,N,G,B,D,A,H,-,A,A,0,Y,,,,Y,,N,60,1,0,0,0,1,0,0,0,0,"- ","- ",39.090858459472656,-122.79206848144531,LAKE,UNINCORPORATED,-122.79206085205078,39.090911865234375
91826461,2022,2022-07-27,9151,2022-01-16,0007,020522,,7,3,9,1700,0,1,3,,1,013,SR-29,"SOUTH HILL ROAD (UNDER-CROSSING)",52.00,S,N,A,-,Y,LAK,,29,,R,46.672,H,,R,Y,1,1,0,1,A,-,01,23152,A,N,E,I,A,A,H,-,D,D,0,,,,,Y,Y,A,07,0,0,0,0,0,0,0,0,0,"- ","- ",39.1025390625,-122.91256713867188,LAKE,UNINCORPORATED,-122.91244506835938,39.102519989013672
91837597,2022,2022-08-10,9151,2022-08-01,1320,015435,,1,1,9,1700,0,2,4,,2,043,"NICE-LUCERNE CUTOFF","LAKESHORE BOULEVARD",1584.00,E,N,B,C,N,,,,,,,,,,Y,2,0,2,3,A,-,08,22107,,N,D,C,A,B,H,-,A,D,0,,,,,Y,,A,01,1,1,0,0,0,0,0,0,0,"- ","- ",39.120929718017578,-122.89089965820312,LAKE,UNINCORPORATED,-122.89810180664062,39.117164611816406
91842877,2022,2022-08-17,9151,2022-08-09,1300,019076,,2,1,9,1700,0,1,3,,1,022,SR-20,"NEW LONG VALLEY RD",528.00,E,N,A,-,Y,LAK,,20,,,34.593,H,,R,Y,2,0,2,2,A,-,01,23152,A,N,A,C,A,A,H,-,A,D,0,,,,,Y,Y,A,01,2,0,0,0,0,0,0,0,0,"- ","- ",39.015701293945312,-122.56671905517578,LAKE,UNINCORPORATED,-122.56672668457031,39.015693664550781
91842895,2022,2022-08-17,9151,2022-08-06,1208,022881,,6,1,9,1700,0,2,4,,2,025,"SODA BAY ROAD","BAYSHORE LANE",2640.00,N,N,A,-,N,,,,,,,,,,N,2,0,1,2,A,-,08,22107,,N,D,C,A,A,H,-,A,D,0,,,Y,,Y,,C,02,1,0,0,0,0,0,0,0,1,"- ","- ",38.971649169921875,-122.74408721923828,LAKE,UNINCORPORATED,,
91848142,2022,2022-08-24,9151,2022-08-17,1816,020326,,3,2,9,1700,0,3,5,,2,005,"FINLEY EAST RD","DORN CROSSING",1056.00,N,N,A,-,N,,,,,,,,,,Y,2,0,1,1,A,-,08,22107,,N,E,J,A,A,H,-,A,D,0,,,Y,,Y,,C,02,1,0,0,0,0,0,0,0,1,"- ","- ",39.001361846923828,-122.84529876708984,LAKE,UNINCORPORATED,-122.84522247314453,39.001247406005859
91849095,2022,2022-08-25,9151,2022-08-18,2125,022593,,4,2,9,1700,0,3,5,,2,001,"BRIDGE ARBOR NORTH",SR-20,1000.00,S,N,A,-,N,,,,,,,,,,Y,2,0,1,1,A,-,03,22350,,N,H,H,A,A,H,-,D,D,0,,,Y,,Y,,C,06,1,0,0,0,0,0,0,0,1,"- ","- ",39.158939361572266,-122.91342163085938,LAKE,UNINCORPORATED,-122.91316986083984,39.159889221191406
91862352,2022,2022-09-12,9151,2022-08-29,1648,022957,,1,2,9,1700,0,1,3,,1,016,SR-53,"ANDERSON RANCH PARKWAY",1056.00,N,N,A,-,Y,LAK,,53,,,0.843,H,,R,N,2,0,1,3,A,-,08,22107,,F,C,C,A,A,H,-,A,D,0,,,Y,,Y,,A,01,1,0,0,0,0,0,0,0,1,"- ","- ",38.922260284423828,-122.61325836181641,LAKE,UNINCORPORATED,-122.61311340332031,38.922286987304688
91863717,2022,2022-09-13,9151,2022-09-01,1907,019200,,4,2,9,1700,0,1,3,,1,011,SR-20,SR-29,1160.00,E,N,A,-,Y,LAK,,20,,,8.558,H,,R,Y,2,0,1,1,A,-,01,23152,A,N,E,I,A,A,H,-,A,D,0,,,,,Y,Y,D,22,1,0,0,0,0,0,0,0,0,"- ","- ",39.163429260253906,-122.91668701171875,LAKE,UNINCORPORATED,-122.91667938232422,39.163467407226562
91879263,2022,2022-09-30,9151,2022-01-30,0035,019076,,7,3,9,1700,0,1,3,,1,022,SR-20,"WALKER RIDGE RD",8448.00,E,N,F,-,Y,LAK,,20,,,45.214,H,,R,Y,1,1,0,1,A,-,01,23152,A,N,E,8,A,A,H,-,D,D,0,,,,,Y,Y,A,01,0,0,0,0,0,0,0,0,0,"- ","- ",39.010299682617188,-122.43119812011719,LAKE,UNINCORPORATED,-122.43121337890625,39.010280609130859
91883354,2022,2022-10-05,9151,2022-09-26,0912,022744,,1,1,9,1700,0,1,3,,1,012,SR-20,"ORCHARD SHORE DRIVE",600.00,W,N,A,-,Y,LAK,,20,,,29.222,H,,R,Y,2,0,2,3,A,-,08,22107,,N,B,C,A,A,H,-,A,D,0,,,Y,Y,Y,,D,22,1,1,0,0,0,0,0,0,1,"- ","- ",39.022739410400391,-122.65392303466797,LAKE,UNINCORPORATED,-122.65396881103516,39.022674560546875
91889982,2022,2022-10-14,9151,2022-10-02,0020,022593,,7,3,9,1700,0,1,3,,1,017,SR-175,"DIAMOND DUST TRL",500.00,E,N,A,-,Y,LAK,,175,,,12.196,H,,R,Y,2,0,1,2,A,-,08,22107,,N,E,8,A,A,H,-,D,D,0,,,,,Y,,A,07,1,0,0,0,0,0,0,0,0,"- ","- ",38.902660369873047,-122.75283050537109,LAKE,UNINCORPORATED,-122.75277709960938,38.902713775634766
91923106,2022,2022-11-21,9151,2022-10-29,1845,022727,,6,2,9,1700,0,1,3,,1,011,SR-20,"POMO WAY",245.00,E,N,A,-,Y,LAK,,20,,,11.176,H,,R,N,2,0,1,2,D,-,00,,,F,G,B,E,A,H,-,D,A,0,Y,,,,Y,,-,"- ",1,0,0,0,1,0,0,0,0,"- ","- ",39.141220092773438,-122.88272094726562,LAKE,UNINCORPORATED,-122.8826904296875,39.141231536865234
91925310,2022,2022-11-23,9151,2022-11-14,1012,015435,,1,1,9,1700,0,3,5,,2,003,"HILL ROAD EAST","HILL ROAD",528.00,N,N,A,-,N,,,,,,,,,,Y,2,0,2,2,A,-,09,21804,A,N,D,C,A,A,H,-,A,A,0,,,,,Y,,D,22,1,1,0,0,0,0,0,0,0,"- ","- ",39.103900909423828,-122.90921783447266,LAKE,UNINCORPORATED,-122.93267059326172,39.066093444824219
91960046,2022,2023-01-04,9151,2022-12-21,0220,020955,,3,3,9,1700,0,1,3,,1,011,SR-20,"POMO WAY",800.00,W,N,A,-,Y,LAK,,20,,,11.001,H,,R,Y,2,0,1,1,A,-,01,23152,A,N,E,I,A,A,H,-,D,D,0,,,,,Y,Y,D,22,1,0,0,0,0,0,0,0,0,"- ","- ",39.143581390380859,-122.88394165039062,LAKE,UNINCORPORATED,-122.88408660888672,39.143543243408203
91989659,2023,2023-02-08,9151,2023-01-27,1445,022957,,5,2,9,1700,0,1,3,,1,011,SR-20,"LAKEVIEW DR",475.00,E,N,A,-,Y,LAK,,20," "," ",26.546,H,,R,Y,2,0,1,1,A,-,01,23152,A,N,E,8,A,A,H,-,A,D,0,,,,,Y,Y,A,07,1,0,0,0,0,0,0,0,0,"- ","- ",39.020160675048828,-122.69412994384766,LAKE,UNINCORPORATED,-122.69416046142578,39.02020263671875
92004373,2023,2023-02-27,9151,2023-02-19,"330 ",022744,,7,3,9,1700,0,1,3,,1,016,"SR-53 S/B","ANDERSON RANCH PKY",1070.00,N,N,A,-,Y,LAK,,53," "," ",0.835,H,,L,Y,2,0,1,1,A,-,08,22107,,N,F,A,A,A,H,-,D,D,0,,,,,Y,,A,01,1,0,0,0,0,0,0,0,0,"- ","- ",38.922191619873047,-122.61315155029297,LAKE,UNINCORPORATED,-122.61325073242188,38.922168731689453
92007284,2023,2023-03-01,9151,2023-02-17,2150,022881,,5,2,9,1700,0,1,3,,1,011,SR-20,SR-53,0.00,,Y,A,-,Y,LAK,,20," "," ",31.579,H,,R,Y,2,0,2,1,A,-,01,23152,A,N,E,I,A,A,H,-,C,D,0,,,,,Y,Y,A,01,2,0,0,0,0,0,0,0,0,"- ","- ",39.008510589599609,-122.61444091796875,LAKE,UNINCORPORATED,-122.61448669433594,39.008754730224609