CASE_ID,ACCIDENT_YEAR,PROC_DATE,JURIS,COLLISION_DATE,COLLISION_TIME,OFFICER_ID,REPORTING_DISTRICT,DAY_OF_WEEK,CHP_SHIFT,POPULATION,CNTY_CITY_LOC,SPECIAL_COND,BEAT_TYPE,CHP_BEAT_TYPE,CITY_DIVISION_LAPD,CHP_BEAT_CLASS,BEAT_NUMBER,PRIMARY_RD,SECONDARY_RD,DISTANCE,DIRECTION,INTERSECTION,WEATHER_1,WEATHER_2,STATE_HWY_IND,CALTRANS_COUNTY,CALTRANS_DISTRICT,STATE_ROUTE,ROUTE_SUFFIX,POSTMILE_PREFIX,POSTMILE,LOCATION_TYPE,RAMP_INTERSECTION,SIDE_OF_HWY,TOW_AWAY,COLLISION_SEVERITY,NUMBER_KILLED,NUMBER_INJURED,PARTY_COUNT,PRIMARY_COLL_FACTOR,PCF_CODE_OF_VIOL,PCF_VIOL_CATEGORY,PCF_VIOLATION,PCF_VIOL_SUBSECTION,HIT_AND_RUN,TYPE_OF_COLLISION,MVIW,PED_ACTION,ROAD_SURFACE,ROAD_COND_1,ROAD_COND_2,LIGHTING,CONTROL_DEVICE,CHP_ROAD_TYPE,PEDESTRIAN_ACCIDENT,BICYCLE_ACCIDENT,MOTORCYCLE_ACCIDENT,TRUCK_ACCIDENT,NOT_PRIVATE_PROPERTY,ALCOHOL_INVOLVED,STWD_VEHTYPE_AT_FAULT,CHP_VEHTYPE_AT_FAULT,COUNT_SEVERE_INJ,COUNT_VISIBLE_INJ,COUNT_COMPLAINT_PAIN,COUNT_PED_KILLED,COUNT_PED_INJURED,COUNT_BICYCLIST_KILLED,COUNT_BICYCLIST_INJURED,COUNT_MC_KILLED,COUNT_MC_INJURED,PRIMARY_RAMP,SECONDARY_RAMP,LATITUDE,LONGITUDE,COUNTY,CITY,POINT_X,POINT_Y
94701512,2025,2025-08-22,9151,2025-05-17,1025,024423,,6,1,9,1700,0,3,5,,2,005,"CRUICKSHANK RD","HEATHER LANE",80.00,W,N,A,-,N,,,,,,,,,,N,2,0,1,2,A,-,09,21804,A,N,C,C,A,A,A,-,A,D,0,,,Y,,Y,,D,22,1,0,0,0,0,0,0,0,1,"- ","- ",38.967479705810547,-122.83149719238281,LAKE,UNINCORPORATED,-122.83145141601562,38.967464447021484
94707484,2025,2025-05-30,9151,2025-05-24,1528,024423,,6,2,9,1700,0,1,3,,1,011,SR-20,"LAKESHORE BLVD",0.50,E,N,A,-,Y,LAK,,20," "," ",18.328,H,,R,Y,2,0,1,2,A,-,09,21801,A,N,D,C,A,A,H,-,A,D,0,,,,Y,Y,,F,55,1,0,0,0,0,0,0,0,0,"- ","- ",39.078609466552734,-122.78558349609375,LAKE,UNINCORPORATED,-122.78557586669922,39.07861328125
9472498,2022,2022-07-25,1702,2022-07-09,0943,196,A,6,5,3,1702,0,0,0,,0,,"8TH ST","OAK ST",289.00,S,N,A,-,N,,,,,,,,,,Y,2,0,1,2,A,-,05,21650,,N,A,C,A,A,H,-,A,D,0,,,Y,,Y,,A,01,1,0,0,0,0,0,0,0,1,"- ","- ",38.978649139404297,-122.66030883789062,LAKE,CLEARLAKE,-122.66013336181641,38.978237152099609
94734546,2025,2025-06-23,9151,2025-05-25,1245,023971,,7,1,9,1700,0,1,3,,1,012,SR-20,"ROSEMONT DRIVE",0.00,,Y,A,-,Y,LAK,,20," "," ",19.135,H,,R,Y,2,0,2,1,A,-,01,23152,F,N,E,I,A,A,H,-,A,D,0,,,,,Y,,A,01,2,0,0,0,0,0,0,0,0,"- ","- ",39.067829132080078,-122.78314208984375,LAKE,UNINCORPORATED,-122.78324127197266,39.067852020263672
94742129,2025,2025-06-27,9151,2025-06-19,2115,024115,,4,2,9,1700,0,1,3,,1,023,SR-175,175LAK5.26,200.00,W,N,A,-,Y,LAK,,175," "," ",5.312,H,,R,Y,2,0,1,1,A,-,08,22107,,N,E,I,A,A,H,-,D,D,0,,,Y,,Y,,C,02,1,0,0,0,0,0,0,0,1,"- ","- ",38.996051788330078,-122.93688201904297,LAKE,UNINCORPORATED,-122.93687438964844,38.996082305908203
94742626,2025,2025-06-27,9151,2025-01-27,1800,023796,,1,2,9,1700,0,3,5,,2,002,"HIGH VALLEY ROAD","HIGH VALLEY RANCH ROAD",6864.00,N,N,A,-,N,,,,,,,,,,Y,1,1,2,1,A,-,01,23152,F,N,F,I,A,A,A,-,D,D,0,,,,,Y,,A,07,1,0,1,0,0,0,0,0,0,"- ","- ",39.0631103515625,-122.71212768554688,LAKE,UNINCORPORATED,-122.76802825927734,39.112579345703125
94756736,2025,2025-07-10,9151,2025-06-26,1330,023581,,4,1,9,1700,0,1,3,,1,013,SR-29,"NICE LUCERNE CUTOFF",1053.00,S,N,A,-,Y,LAK,,29," ",R,47.657,H,,R,Y,2,0,1,2,A,-,03,22350,,N,C,C,A,A,D,-,A,A,0,,,Y,,Y,,C,02,1,0,0,0,0,0,0,0,1,"- ","- ",39.115619659423828,-122.90589141845703,LAKE,UNINCORPORATED,-122.90564727783203,39.115547180175781
9497902,2022,2022-09-22,1702,2022-09-04,1519,240,C,7,5,3,1702,0,0,0,,0,,"LAKESHORE DR","W 40TH AV",608.00,W,N,A,-,N,,,,,,,,,,N,2,0,1,1,A,-,16,24002,,N,H,A,A,A,H,-,A,D,0,,Y,,,Y,,L,04,1,0,0,0,0,0,1,0,0,"- ","- ",38.957710266113281,-122.62705993652344,LAKE,CLEARLAKE,-122.62521362304688,38.9505615234375
9507079,2022,2022-10-19,1702,2022-09-09,2101,246,,5,5,3,1702,0,0,0,,0,,"LAKESHORE DR","MANAKEE AV",25.00,S,N,A,-,N,,,,,,,,,,N,2,0,1,1,A,-,03,22350,,N,H,A,A,A,H,-,C,D,0,,Y,,,Y,,L,04,1,0,0,0,0,0,1,0,0,"- ","- ",38.969699859619141,-122.65966796875,LAKE,CLEARLAKE,-122.65460205078125,38.968162536621094
9520748,2023,2025-06-25,1702,2023-06-23,2014,196,B,5,5,3,1702,0,0,0,,0,,RT-53,"OLYMPIC DR",0.00,,Y,A,-,Y,LAK,1,53,-,-,3.923,I,5,N,N,1,1,4,2,A,-,12,21453,A,N,A,C,A,A,H,-,B,A,0,,,,,Y,,A,01,1,1,2,0,0,0,0,0,0,"- ","- ",38.961830139160156,-122.63128662109375,LAKE,CLEARLAKE,-122.61895751953125,38.964076995849609
9522284,2022,2022-11-28,1702,2022-10-21,1145,251,E,5,5,3,1702,0,0,0,,0,,"28TH AV","GARNER AV",0.00,,Y,A,-,N,,,,,,,,,,Y,2,0,2,2,A,-,09,21800,A,N,H,C,A,A,H,-,A,D,0,,,Y,,Y,,A,01,1,1,0,0,0,0,0,0,1,"- ","- ",38.942890167236328,-122.61563110351562,LAKE,CLEARLAKE,,
9635127,2023,2024-01-23,1702,2023-11-26,1336,241,A,7,5,3,1702,0,0,0,,0,,"7TH ST","BUSH ST",589.00,S,N,A,-,N,,,,,,,,,,Y,2,0,1,2,A,-,09,21801,A,N,D,C,A,A,H,-,A,D,0,,,Y,,Y,,A,01,1,0,0,0,0,0,0,0,1,"- ","- ",38.974460601806641,-122.65960693359375,LAKE,CLEARLAKE,-122.65935516357422,38.974582672119141
9635570,2023,2024-01-03,1702,2023-10-19,1131,196,B,4,5,3,1702,0,0,0,,0,,"OLYMPIC DR","OLD HWY 53",0.00,,Y,A,-,N,,,,,,,,,,Y,2,0,3,2,A,-,12,21453,A,N,D,C,A,A,H,-,A,A,0,,,,,Y,,A,08,2,1,0,0,0,0,0,0,0,"- ","- ",38.961830139160156,-122.63128662109375,LAKE,CLEARLAKE,-122.61892700195312,38.964088439941406
9640211,2024,2024-07-31,1702,2024-01-04,2018,240,6A,4,5,3,1702,0,0,0,,0,,"RT 53","18TH AV",11.00,S,N,A,-,Y,LAK,1,53,-,-,1.970,H,-,S,N,1,1,0,2,A,-,11,21954,A,N,G,B,D,A,H,-,C,A,0,Y,,,,Y,,N,60,0,0,0,1,0,0,0,0,0,"- ","- ",38.936519622802734,-122.62232208251953,LAKE,CLEARLAKE,-122.62229156494141,38.936603546142578
9640494,2024,2024-07-22,1702,2024-02-03,1103,217,C,6,5,3,1702,0,0,0,,0,,"MULLEN AV","PEARL AV",0.00,,Y,A,-,N,,,,,,,,,,Y,1,1,2,2,A,-,12,22450,A,N,D,C,A,A,H,-,A,A,0,,,Y,,Y,,C,02,0,2,0,0,0,0,0,1,0,"- ","- ",38.953388214111328,-122.64073944091797,LAKE,CLEARLAKE,-122.64073944091797,38.953369140625
9692769,2024,2024-06-03,1702,2024-04-14,2149,249,A,7,5,3,1702,0,0,0,,0,,"LAKESHORE DR","BAYLIS AV",337.00,N,N,A,-,N,,,,,,,,,,Y,2,0,2,2,A,-,05,21460,,N,A,C,A,B,H,-,C,D,0,,,,,Y,Y,A,01,1,1,0,0,0,0,0,0,0,"- ","- ",38.956611633300781,-122.64792633056641,LAKE,CLEARLAKE,-122.6480712890625,38.956863403320312
9692799,2024,2024-05-20,1702,2024-03-02,"739 ",209,B,6,5,3,1702,0,0,0,,0,,"RUMSEY RD","ROBIN LN",598.00,E,N,A,-,N,,,,,,,,,,Y,2,0,2,1,A,-,01,23152,A,N,E,I,A,B,H,-,A,D,0,,,,,Y,Y,A,01,2,0,0,0,0,0,0,0,0,"- ","- ",38.970878601074219,-122.62238311767578,LAKE,CLEARLAKE,-122.62265014648438,38.970283508300781
9710454,2024,2024-08-19,1702,2024-06-13,1444,229,E,4,5,3,1702,0,0,0,,0,,"32ND AV","PHILLIPS AV",131.00,E,N,A,-,N,,,,,,,,,,Y,2,0,3,2,A,-,03,22350,,N,C,E,A,A,H,-,A,A,0,,,,,Y,,A,01,1,2,0,0,0,0,0,0,0,"- ","- ",38.936740875244141,-122.60399627685547,LAKE,CLEARLAKE,-122.61483764648438,38.9453125
9728080,2024,2024-08-26,1702,2024-07-31,"616 ",196,,3,5,3,1702,0,0,0,,0,,"SULPHUR BANK DR","NORTH DR",3007.00,W,N,A,-,N,,,,,,,,,,Y,2,0,1,1,A,-,03,22350,,N,E,I,A,A,H,-,B,D,0,,,Y,,Y,,C,03,1,0,0,0,0,0,0,0,1,"- ","- ",38.969699859619141,-122.65966796875,LAKE,CLEARLAKE,-122.68921661376953,38.993370056152344
6290576,2014,2014-05-28,9151,2014-04-01,0450,17141,,2,3,9,1700,0,1,3,,2,015,"RT 29","RT 281",5280.00,N,N,B,C,Y,LAK,1,29,-,-,28.900,H,-,S,Y,1,2,0,1,A,-,08,22107,,N,E,I,A,B,H,-,D,D,1,,,,,Y,,A,01,0,0,0,0,0,0,0,0,0,"- ","- ",38.937330000000003,-122.75676,LAKE,UNINCORPORATED,-122.75722195,38.937574599999998
6292218,2015,2015-06-02,9151,2015-03-30,1817,17128,,1,2,9,1700,0,3,5,,2,008,"RIATA RD","CABALLERO CT",14.00,N,N,B,-,N,,,,,,,,,,N,1,1,0,1,A,-,03,22350,,N,H,G,A,A,H,-,A,D,0,,Y,,,Y,,L,04,0,0,0,0,0,1,0,0,0,"- ","- ",38.875100000000003,-122.60720000000001,LAKE,UNINCORPORATED,-122.60724384,38.875116900000002
6292220,2015,2015-06-10,9151,2015-04-05,1128,15435,,7,1,9,1700,0,1,3,,1,012,"RT 20","HILLSIDE LN",0.00,E,N,B,C,Y,LAK,1,20,-,-,27.090,H,-,E,Y,1,1,1,1,A,-,03,22350,,N,E,I,A,B,H,-,A,D,0,,,,,Y,,A,01,0,0,1,0,0,0,0,0,0,"- ","- ",39.02046,-122.68536,LAKE,UNINCORPORATED,-122.68591141,39.019841020000001
6292309,2015,2017-04-04,9151,2015-04-30,0100,17141,,4,3,9,1700,0,1,3,,1,012,"RT 20","SCHINDLER ST",50.00,E,N,A,-,Y,LAK,1,20,-,-,28.500,H,-,W,Y,1,1,0,1,A,-,01,23152,A,N,E,I,A,A,H,-,D,D,0,,,,,Y,Y,A,07,0,0,0,0,0,0,0,0,0,"- ","- ",39.027630000000002,-122.66525,LAKE,UNINCORPORATED,-122.66567864,39.02765462
6292807,2015,2017-03-30,9151,2015-06-15,2500,19430,,1,4,9,1700,0,1,3,,1,011,"RT 20","WITTER SPRINGS RD",1056.00,W,N,A,-,Y,LAK,1,20,-,-,5.360,H,-,E,Y,1,1,0,1,A,-,01,23152,A,N,E,I,A,A,H,-,A,D,0,,,,,Y,Y,D,22,0,0,0,0,0,0,0,0,0,"- ","- ",39.164790000000004,-122.96722,LAKE,UNINCORPORATED,-122.96719275,39.164833819999998
6292826,2015,2016-02-29,9151,2015-07-02,0815,18337,,4,1,9,1700,0,1,3,,2,015,"RT 29","RT 175",5808.00,S,N,A,-,Y,LAK,1,29,-,-,29.920,H,-,S,Y,1,1,3,3,A,-,01,23152,E,N,A,C,A,A,H,-,A,D,1,,,,Y,Y,,A,01,1,1,1,0,0,0,0,0,0,"- ","- ",38.943049999999999,-122.77288,LAKE,UNINCORPORATED,-122.77383121,38.943167709999997
6530548,2014,2014-08-09,9151,2014-06-15,0025,19714,,7,3,9,1700,0,3,5,,2,003,"LAKESHORE BL","ROBIN HILL RD",39.00,S,N,A,-,N,,,,,,,,,,Y,2,0,1,1,A,-,01,23152,A,F,E,I,A,A,H,-,D,D,0,,,,,Y,Y,A,01,1,0,0,0,0,0,0,0,0,"- ","- ",39.113399999999999,-122.90664,LAKE,UNINCORPORATED,-122.9066777,39.113043769999997
6530560,2014,2015-02-26,9151,2014-06-15,1000,16148,,7,1,9,1700,0,1,3,,1,011,"RT 20","FOOTHILL DR",0.00,,Y,A,-,Y,LAK,1,20,-,-,16.570,I,5,W,N,2,0,1,2,A,-,11,21954,A,N,G,B,D,A,H,-,A,D,0,Y,,,,Y,,N,60,1,0,0,0,1,0,0,0,0,"- ","- ",39.099040000000002,-122.80432999999999,LAKE,UNINCORPORATED,-122.80435245,39.099033030000001
6537776,2014,2014-07-30,9151,2014-05-23,1749,019840,,5,2,9,1700,0,3,5,,2,005,"CHURCH ST","3RD ST",200.00,S,N,A,-,N,,,,,,,,,,Y,2,0,1,1,A,-,01,23152,A,N,F,A,A,A,H,-,A,D,0,,,Y,,Y,Y,C,02,1,0,0,0,0,0,0,0,1,"- ","- ",38.977069999999998,-122.83756,LAKE,UNINCORPORATED,-122.83721858,38.9770368
6565466,2014,2016-04-23,9151,2014-07-08,1710,17300,,2,2,9,1700,0,1,3,,1,016,"RT 53","JUNCTION PLZ",54.00,N,N,A,-,Y,LAK,1,53,-,-,5.060,H,-,S,Y,2,0,2,2,A,-,08,22107,,N,D,C,A,A,H,-,A,A,0,,,Y,,Y,,A,01,1,0,1,0,0,0,0,0,1,"- ","- ",39.007530000000003,-122.61291,LAKE,UNINCORPORATED,-122.6127753,38.979152220000003
6570896,2014,2016-04-23,9151,2014-07-20,0857,15435,,7,1,9,1700,0,1,3,,2,015,"RT 29","RT 281",8448.00,N,N,A,-,Y,LAK,1,29,-,-,29.500,H,-,S,Y,2,0,1,1,A,-,08,22107,,N,E,I,A,A,H,-,A,D,1,,,,,Y,,D,22,1,0,0,0,0,0,0,0,0,"- ","- ",38.940980000000003,-122.76452999999999,LAKE,UNINCORPORATED,-122.76633441,38.942056010000002
6617434,2014,2016-04-23,9151,2014-08-08,2142,019714,,5,2,9,1700,0,1,3,,1,012,"RT 20","ISLAND DR",124.00,E,N,A,-,Y,LAK,1,20,-,-,27.660,H,-,E,Y,2,0,1,1,A,-,01,23152,A,N,E,I,A,A,H,-,D,D,0,,,Y,,Y,Y,C,02,1,0,0,0,0,0,0,0,1,"- ","- ",39.019829999999999,-122.67617,LAKE,UNINCORPORATED,-122.67639741000001,39.019679029999999
6622234,2014,2014-09-25,9151,2014-08-30,2300,019714,,6,3,9,1700,0,3,5,,2,005,"STAHELI DR","GOLD DUST DR",1056.00,N,N,A,-,N,,,,,,,,,,Y,2,0,1,1,A,-,01,23152,A,N,E,I,A,A,H,-,D,D,0,,,,,Y,Y,A,01,1,0,0,0,0,0,0,0,0,"- ","- ",38.966740000000001,-122.84356,LAKE,UNINCORPORATED,-122.84359969,38.966766700000001
6639944,2014,2016-04-23,9151,2014-09-21,1350,17300,,7,1,9,1700,0,1,3,,1,012,"RT 20","RT 53",0.00,,Y,A,-,Y,LAK,1,20,-,-,31.618,I,5,E,Y,2,0,2,2,A,-,08,22107,,N,B,C,A,A,H,-,A,A,0,,,Y,,Y,,D,22,1,1,0,0,0,0,0,0,2,"- ","- ",39.008780000000002,-122.61411,LAKE,UNINCORPORATED,-122.61440055,39.008765740000001
6664402,2014,2016-04-23,9151,2014-09-24,1940,019714,,3,2,9,1700,0,1,3,,1,011,"RT 20","HOWARD AV",225.00,W,N,C,E,Y,LAK,1,20,-,-,13.820,H,-,E,Y,2,0,1,2,A,-,11,21956,A,N,G,B,E,B,H,-,D,D,0,Y,,,,Y,,N,60,1,0,0,0,1,0,0,0,0,"- ","- ",39.122819999999997,-122.84344,LAKE,UNINCORPORATED,-122.84343987,39.122844579999999
6664995,2014,2016-06-11,9151,2014-10-04,1439,19533,,6,2,9,1700,0,1,3,,2,015,"LIVE OAK DR","RT 29",0.00,,Y,A,-,Y,LAK,1,29,-,R,34.740,I,5,S,Y,2,0,2,2,A,-,09,21801,A,N,A,C,A,A,H,-,A,A,1,,,,,Y,,A,01,1,1,0,0,0,0,0,0,0,"- ","- ",38.9724,-122.83284,LAKE,UNINCORPORATED,-122.83278744,38.972340090000003
6693632,2014,2014-12-10,9151,2014-10-23,0723,19533,,4,1,9,1700,0,3,5,,2,001,"ELK MTN RD","MIDDLE CREEK RD",1056.00,N,N,B,-,N,,,,,,,,,,Y,2,0,1,2,A,-,01,23152,A,N,H,G,A,A,H,-,B,D,0,,Y,,Y,Y,Y,F,24,1,0,0,0,0,0,1,0,0,"- ","- ",39.173969999999997,-122.90319,LAKE,UNINCORPORATED,-122.9038918,39.173490409999999
6702160,2014,2016-06-16,9151,2014-10-27,1830,17128,,1,2,9,1700,0,1,3,,1,011,"RT 20","VERNA WY",528.00,E,N,A,-,Y,LAK,1,20,-,-,21.950,H,-,W,Y,2,0,1,1,A,-,08,22107,,N,E,I,A,A,H,-,C,D,0,,,,,Y,,A,07,1,0,0,0,0,0,0,0,0,"- ","- ",39.039999999999999,-122.7581,LAKE,UNINCORPORATED,-122.76233793999999,39.039604939999997
6717369,2014,2015-01-09,9151,2014-11-01,0330,19714,,6,3,9,1700,0,3,5,,2,006,"MORGAN VALLEY RD","BONHAM RD",2640.00,E,N,A,-,N,,,,,,,,,,Y,2,0,1,1,A,-,01,23152,A,N,E,I,A,A,H,-,D,D,0,,,,,Y,Y,A,01,1,0,0,0,0,0,0,0,0,"- ","- ",39.904769999999999,-122.57445,LAKE,UNINCORPORATED,-122.58105652,38.90845143
6765141,2014,2016-06-16,9151,2014-12-13,1758,19200,,6,2,9,1700,0,1,3,,1,011,"RT 20","MAIN ST",528.00,E,N,B,-,Y,LAK,1,20,-,-,9.010,H,-,E,N,1,1,0,2,A,-,11,21954,A,N,G,B,D,B,H,-,D,A,0,Y,,,,Y,,N,60,0,0,0,1,0,0,0,0,0,"- ","- ",39.161969999999997,-122.9083,LAKE,UNINCORPORATED,-122.90906846,39.162067020000002
6801993,2015,2016-10-10,9151,2015-01-25,1910,17128,,7,2,9,1700,0,1,3,,2,015,"RT 29","RENFRO DR",0.00,,Y,A,-,Y,LAK,1,29,-,R,36.300,I,5,S,Y,2,0,1,1,A,-,08,22107,,N,F,A,A,A,B,-,D,D,1,,,Y,,Y,,C,02,1,0,0,0,0,0,0,0,1,"- ","- ",38.983899999999998,-122.857,LAKE,UNINCORPORATED,-122.85707923,38.98409238
6854059,2015,2017-02-23,9151,2015-02-14,1631,16093,,6,2,9,1700,0,1,3,,1,028,"RT 175","SOCRATES MINE RD",2640.00,W,N,A,-,Y,LAK,1,175,-,-,22.970,H,-,W,Y,1,1,0,2,A,-,01,23152,A,N,F,A,A,A,H,-,A,D,0,,,Y,,Y,Y,C,02,0,0,0,0,0,0,0,1,0,"- ","- ",38.785640000000001,-122.69241,LAKE,UNINCORPORATED,-122.69231142,38.785498760000003
6854126,2014,2015-03-27,9151,2014-11-22,2212,19200,,6,3,9,1700,0,1,3,,2,018,"RT 29","CENTRAL PARK RD",500.00,S,N,A,-,Y,LAK,1,29,-,-,5.000,H,-,S,N,1,1,0,3,A,-,01,21200,5,N,H,G,A,A,H,-,D,D,1,,Y,,,Y,Y,L,04,0,0,0,0,0,1,0,0,0,"- ","- ",38.742649999999998,-122.62322,LAKE,UNINCORPORATED,-122.62323103999999,38.742657739999999
6855792,2015,2016-09-23,9151,2015-03-01,1055,017937,,7,1,9,1700,0,1,3,,1,028,"RT 175","ARROYO VISTA RD",1584.00,E,N,A,-,Y,LAK,1,175,-,-,21.120,H,-,W,Y,2,0,1,1,A,-,08,22107,,N,E,I,A,A,H,-,A,D,0,,,Y,,Y,,C,02,1,0,0,0,0,0,0,0,1,"- ","- ",38.806570000000001,-122.70489000000001,LAKE,UNINCORPORATED,-122.70557251,38.805508150000001
6876261,2015,2016-09-27,9151,2015-03-28,0330,019430,,6,3,9,1700,0,1,3,,1,011,"RT 20","ROSEMONT DR",3696.00,E,N,A,-,Y,LAK,1,20,-,-,19.820,H,-,W,Y,2,0,1,1,A,-,08,22107,,N,F,A,A,A,H,-,D,D,0,,,,Y,Y,,G,25,1,0,0,0,0,0,0,0,0,"- ","- ",39.059019999999997,-122.7809,LAKE,UNINCORPORATED,-122.78107525,39.058069060000001
6953164,2015,2015-06-17,9151,2015-05-22,1555,019714,,5,2,9,1700,0,2,4,,2,043,"LAKESHORE BL","STOKES AV",2640.00,S,N,A,-,N,,,,,,,,,,N,2,0,1,1,A,-,08,22107,,N,F,A,A,A,H,-,A,D,0,,,Y,,Y,Y,C,02,1,0,0,0,0,0,0,0,1,"- ","- ",39.124130000000001,-122.87245,LAKE,UNINCORPORATED,-122.8683298,39.123304900000001
6989519,2015,2015-07-18,9151,2015-06-30,1720,15435,,2,2,9,1700,0,3,5,,2,007,"BOTTLE ROCK RD","KAHMS LN",1584.00,W,N,A,-,N,,,,,,,,,,Y,2,0,2,2,A,-,08,22107,,N,E,I,A,A,H,-,A,D,0,,,Y,,Y,,C,02,1,1,0,0,0,0,0,0,2,"- ","- ",38.872790000000002,-122.76952,LAKE,UNINCORPORATED,-122.76730503,38.870492570000003
7006682,2015,2016-04-05,9151,2015-05-22,2200,019200,,5,3,9,1700,0,3,5,,2,003,"PARK WY","LAKESHORE BL",486.00,W,N,A,-,N,,,,,,,,,,Y,1,1,1,1,A,-,01,23152,A,N,E,I,A,A,H,-,D,D,0,,,,,Y,Y,A,01,1,0,0,0,0,0,0,0,0,"- ","- ",39.07732,-122.91081,LAKE,UNINCORPORATED,-122.91115843,39.077778430000002
8386984,2017,2018-04-11,1702,2017-05-24,1822,196,6A,3,5,3,1702,0,0,0,,0,,"RT 53","OLD HWY 53",0.00,,Y,A,-,Y,LAK,1,53,-,-,1.470,I,5,S,Y,2,0,3,2,A,-,12,21453,A,N,A,C,A,A,H,-,A,A,0,,,,,Y,,A,01,1,1,1,0,0,0,0,0,0,"- ","- ",38.930059999999997,-122.6189,LAKE,CLEARLAKE,-122.61904113999999,38.929982750000001
8404755,2018,2018-06-21,1701,2018-04-08,1918,,,7,5,2,1701,0,0,0,,0,,"RT 29","RT 175",528.00,N,N,A,-,Y,LAK,1,29,-,-,40.290,H,-,N,Y,1,1,0,2,A,-,01,23152,F,N,A,C,A,A,H,-,A,D,0,,,Y,,Y,,C,02,0,0,0,0,0,0,0,1,0,"- ","- ",39.018589019775391,-122.91403961181641,LAKE,LAKEPORT,-122.90934753417969,39.011627197265625
8431866,2017,2017-08-24,1702,2017-05-21,0143,196,C,7,5,3,1702,0,0,0,,0,,"LAKESHORE DR","RT 53",753.00,E,N,A,-,N,,,,,,,,,,Y,2,0,1,1,A,-,01,23152,A,M,E,I,A,A,H,-,C,D,0,,,,,Y,Y,A,07,1,0,0,0,0,0,0,0,0,"- ","- ",38.945410000000003,-122.62217,LAKE,CLEARLAKE,-122.6287327,38.949883540000002
8436493,2017,2017-09-22,1702,2017-08-15,1509,193,E,2,5,3,1702,0,0,0,,0,,"18TH AV","PHILLIPS AV",250.00,E,N,A,-,N,,,,,,,,,,Y,2,0,1,4,A,-,03,22350,,N,C,D,A,A,H,-,A,D,0,,,Y,,Y,Y,C,02,1,0,0,0,0,0,0,0,1,"- ","- ",38.936259999999997,-122.61465,LAKE,CLEARLAKE,-122.61449155,38.936041840000001
8465680,2018,2019-03-21,1702,2018-12-10,1953,132,6A,1,5,3,1702,0,0,0,,0,,"RT 53","LAKESHORE DR",0.00,,N,B,-,Y,LAK,1,53,-,-,2.590,H,-,S,Y,1,1,0,3,A,-,11,21954,A,F,G,B,D,A,H,-,D,D,0,Y,,,,Y,,A,01,0,0,0,1,0,0,0,0,0,"- ","- ",38.950721740722656,-122.62315368652344,LAKE,CLEARLAKE,-122.62347412109375,38.9453125
8492435,2017,2017-11-27,1702,2017-09-26,1229,182,D,2,5,3,1702,0,0,0,,0,,"OLD HWY 53","POWER POLE",84.00,N,N,A,-,N,,,,,,,,,,N,2,0,1,2,A,-,03,22350,A,N,A,C,A,A,H,-,A,D,0,,,Y,,Y,,C,02,1,0,0,0,0,0,0,0,1,"- ","- ",38.931930000000001,-122.62533999999999,LAKE,CLEARLAKE,,
8563154,2017,2018-05-21,1701,2017-06-14,1949,34,,3,5,2,1701,0,0,0,,0,,"11TH ST","RT 29",0.00,,Y,A,F,Y,LAK,1,29,-,R,42.838,R,3,N,N,2,0,1,2,A,-,10,21950,A,N,G,B,D,A,H,-,A,D,0,Y,,,,Y,,A,01,1,0,0,0,1,0,0,0,0,"- ",NO,39.256999999999998,-122.553,LAKE,LAKEPORT,-122.93111906,39.052204709999998
8687196,2018,2018-09-17,1702,2018-06-23,1513,196,C,6,5,3,1702,0,0,0,,0,,"AUSTIN DR","OLD HWY 53",0.00,,Y,A,-,N,,,,,,,,,,N,2,0,1,3,A,-,09,21800,A,N,H,G,A,A,H,-,A,A,0,,Y,,,Y,,L,04,1,0,0,0,0,0,1,0,0,"- ","- ",,,LAKE,CLEARLAKE,-122.63136291503906,38.958320617675781
8726079,2018,2018-10-30,1702,2018-07-15,1618,201,C,7,5,3,1702,0,0,0,,0,,"AUSTIN RD","LOCUST ST",0.00,,Y,A,-,N,,,,,,,,,,N,2,0,2,2,A,-,12,22450,,N,B,J,A,A,H,-,A,D,0,,,Y,,Y,,C,02,2,0,0,0,0,0,0,0,2,"- ","- ",,,LAKE,CLEARLAKE,-122.64289093017578,38.958858489990234
8939326,2018,2020-05-21,1702,2018-01-05,1858,196,,5,5,3,1702,0,0,0,,0,,"OLYMPIC DR","PINE ST",19.00,W,N,A,-,N,,,,,,,,,,Y,1,1,0,2,A,-,11,21954,A,N,G,B,D,A,H,-,C,D,0,Y,,,,Y,,N,60,0,0,0,1,0,0,0,0,0,"- ","- ",,,LAKE,CLEARLAKE,-122.64537811279297,38.960971832275391
8977352,2019,2019-12-06,1701,2019-08-23,1258,36,3F,5,5,2,1701,0,0,0,,0,,"SOUTH MAIN ST","E ST",0.00,,Y,A,-,N,,,,,,,,,,Y,2,0,1,2,A,-,03,22350,A,N,H,A,A,A,H,-,A,D,0,,,Y,,Y,Y,C,02,1,0,0,0,0,0,0,0,1,"- ","- ",,,LAKE,LAKEPORT,-122.91526031494141,39.037929534912109