CASE_ID,ACCIDENT_YEAR,PROC_DATE,JURIS,COLLISION_DATE,COLLISION_TIME,OFFICER_ID,REPORTING_DISTRICT,DAY_OF_WEEK,CHP_SHIFT,POPULATION,CNTY_CITY_LOC,SPECIAL_COND,BEAT_TYPE,CHP_BEAT_TYPE,CITY_DIVISION_LAPD,CHP_BEAT_CLASS,BEAT_NUMBER,PRIMARY_RD,SECONDARY_RD,DISTANCE,DIRECTION,INTERSECTION,WEATHER_1,WEATHER_2,STATE_HWY_IND,CALTRANS_COUNTY,CALTRANS_DISTRICT,STATE_ROUTE,ROUTE_SUFFIX,POSTMILE_PREFIX,POSTMILE,LOCATION_TYPE,RAMP_INTERSECTION,SIDE_OF_HWY,TOW_AWAY,COLLISION_SEVERITY,NUMBER_KILLED,NUMBER_INJURED,PARTY_COUNT,PRIMARY_COLL_FACTOR,PCF_CODE_OF_VIOL,PCF_VIOL_CATEGORY,PCF_VIOLATION,PCF_VIOL_SUBSECTION,HIT_AND_RUN,TYPE_OF_COLLISION,MVIW,PED_ACTION,ROAD_SURFACE,ROAD_COND_1,ROAD_COND_2,LIGHTING,CONTROL_DEVICE,CHP_ROAD_TYPE,PEDESTRIAN_ACCIDENT,BICYCLE_ACCIDENT,MOTORCYCLE_ACCIDENT,TRUCK_ACCIDENT,NOT_PRIVATE_PROPERTY,ALCOHOL_INVOLVED,STWD_VEHTYPE_AT_FAULT,CHP_VEHTYPE_AT_FAULT,COUNT_SEVERE_INJ,COUNT_VISIBLE_INJ,COUNT_COMPLAINT_PAIN,COUNT_PED_KILLED,COUNT_PED_INJURED,COUNT_BICYCLIST_KILLED,COUNT_BICYCLIST_INJURED,COUNT_MC_KILLED,COUNT_MC_INJURED,PRIMARY_RAMP,SECONDARY_RAMP,LATITUDE,LONGITUDE,COUNTY,CITY,POINT_X,POINT_Y
90008731,2015,2015-10-19,9151,2015-08-01,2125,019840,,6,2,9,1700,0,1,3,,1,017,SR-175,"SALMINA RD.",530.00,E,N,A,-,Y,,,175,,,,,,,Y,2,0,2,1,A,-,08,22107,,N,E,I,A,A,H,-,D,D,0,,,Y,,Y,,C,02,2,0,0,0,0,0,0,0,2,"- ","- ",38.875799999999998,-122.7264,LAKE,UNINCORPORATED,-122.72642036000001,38.875776770000002
90015883,2015,2015-10-19,9151,2015-08-27,1630,019533,,4,2,9,1700,0,1,3,,1,011,SR-20,"PARADISE VALLEY DR.",528.00,W,N,A,-,Y,,,20,,,,,,,Y,2,0,1,1,A,-,08,22107,,N,E,I,A,A,H,-,A,D,0,,,,,Y,,A,01,1,0,0,0,0,0,0,0,0,"- ","- ",39.04186,-122.7565,LAKE,UNINCORPORATED,-122.75646817000001,39.041838730000002
90016356,2015,2015-10-19,9151,2015-08-26,1415,020520,,3,2,9,1700,0,1,3,,1,012,"SR-20 W/B","ISLAND DR.",320.00,W,N,A,-,Y,,,20,,,,,,W,Y,2,0,2,1,A,-,08,22107,,N,E,I,A,A,H,-,A,D,0,,,,,Y,,A,01,1,0,1,0,0,0,0,0,0,"- ","- ",39.019660000000002,-122.67858,LAKE,UNINCORPORATED,-122.67857762,39.019675130000003
90022874,2015,2015-10-19,9151,2015-09-12,0838,018337,,6,1,9,1700,0,1,3,,1,035,SR-281,"BROADMOOR WAY",107.00,W,N,A,-,Y,,,281,,,,,,,N,2,0,1,1,D,-,00,,,N,E,I,A,A,H,-,A,D,0,,Y,,,Y,,-,"- ",1,0,0,0,0,0,1,0,0,"- ","- ",38.953620000000001,-122.72796,LAKE,UNINCORPORATED,-122.72794709999999,38.953606649999998
90025101,2015,2015-10-19,9151,2015-09-29,0855,014431,,2,1,9,1700,0,1,3,,1,013,"STATE ROUTE 29 N/B","NICE/LUCERNE CUTOFF",1056.00,N,N,A,-,Y,,,29,,,,,,N,Y,2,0,1,1,C,-,18,,,N,H,H,A,A,H,-,A,D,0,,,Y,,Y,,-,"- ",1,0,0,0,0,0,0,0,1,"- ","- ",39.123269999999998,-122.90603,LAKE,UNINCORPORATED,-122.90607331,39.1232592
90032273,2015,2015-10-19,9151,2015-06-27,0230,019840,,6,3,9,1700,0,3,5,,2,006,"MORGAN VALLEY RD","BONHAM RD",965.00,E,N,A,-,N,,,,,,,,,,Y,1,2,0,1,A,-,01,23152,A,N,E,I,A,A,H,-,D,D,0,,,,,Y,Y,A,01,0,0,0,0,0,0,0,0,0,"- ","- ",38.908430000000003,-122.58685,LAKE,UNINCORPORATED,-122.58683305,38.908403630000002
90032518,2015,2015-11-09,9151,2015-10-06,1728,019533,,2,2,9,1700,0,3,5,,2,006,"MORGAN VALLEY RD.","SKY HIGH RIDGE RD.",4752.00,S,N,A,-,N,,,,,,,,,,Y,2,0,1,1,A,-,03,22350,,N,F,A,A,A,H,-,A,D,0,,,,Y,Y,,F,27,1,0,0,0,0,0,0,0,0,"- ","- ",38.878219999999999,-122.52905,LAKE,UNINCORPORATED,-122.52917341,38.878348180000003
90046947,2015,2015-11-09,9151,2015-07-28,0626,017904,,2,1,9,1700,0,1,3,,1,012,SR-20,SR-53,2640.00,W,N,A,-,Y,,,20,,,,,,,Y,1,1,0,2,A,-,01,23152,E,N,A,C,A,A,H,-,A,D,0,,,,Y,Y,,A,01,0,0,0,0,0,0,0,0,0,"- ","- ",39.010809999999999,-122.62381000000001,LAKE,UNINCORPORATED,-122.62379384,39.010859910000001
90069595,2015,2015-12-10,9151,2015-11-16,1130,017141,,1,1,9,1700,0,3,5,,2,008,"LOCH LOMOND RD","SEIGLER SPRINGS RD (NORTH)",3.00,E,N,A,-,N,,,,,,,,,,Y,2,0,1,1,A,-,03,22350,,N,F,A,A,A,H,-,A,D,0,,,,Y,Y,,F,27,1,0,0,0,0,0,0,0,0,"- ","- ",38.87068,-122.68971000000001,LAKE,UNINCORPORATED,-122.6895615,38.870306999999997
90069994,2015,2015-12-10,9151,2015-11-20,1234,019714,,5,1,9,1700,0,1,3,,1,011,SR-20,"CORA DR",87.00,W,N,A,-,Y,,,20,,,,,,,Y,2,0,1,1,A,-,01,23152,A,N,E,I,A,A,D,-,A,D,0,,,,,Y,Y,A,01,1,0,0,0,0,0,0,0,0,"- ","- ",39.039149999999999,-122.76564999999999,LAKE,UNINCORPORATED,-122.76562606,39.039114290000001
90078170,2015,2015-12-18,9151,2015-11-12,1627,020520,,4,2,9,1700,0,1,3,,2,015,"SR-29 S/B","MERRITT RD.",395.00,N,N,A,-,Y,,,29,,,,,,S,N,2,0,1,2,A,-,08,22107,,N,B,G,A,A,H,-,A,D,0,,Y,,,Y,,L,04,1,0,0,0,0,0,1,0,0,"- ","- ",38.982909999999997,-122.85468,LAKE,UNINCORPORATED,-122.85467659,38.982915779999999
90080639,2015,2015-12-23,9151,2015-12-10,2000,021152,,4,2,9,1700,0,1,3,,1,011,SR-20,"NICE-LUCERNE CUTOFF",5.00,W,N,C,-,Y,,,20,,,,,,,Y,2,0,1,1,A,-,01,23152,A,N,F,A,A,B,H,-,C,A,0,,,,,Y,Y,A,01,1,0,0,0,0,0,0,0,0,"- ","- ",39.130159999999997,-122.87118,LAKE,UNINCORPORATED,-122.87098884,39.13052502
90082521,2015,2015-12-28,9151,2015-11-22,0250,019811,,7,3,9,1700,0,3,5,,2,003,"SCOTTS VALLEY ROAD","EICKHOFF RD",0.00,,N,A,-,N,,,,,,,,,,Y,2,0,2,1,A,-,08,22107,,F,E,I,A,A,H,-,D,D,0,,,,,Y,Y,A,01,1,1,0,0,0,0,0,0,0,"- ","- ",39.09149,-122.95574999999999,LAKE,UNINCORPORATED,-122.96205996,39.094499990000003
90131870,2015,2016-03-08,9151,2015-11-18,2500,017300,,3,4,9,1700,0,1,3,,1,011,SR-20,"WITTER SPRINGS ROAD",1110.00,W,N,A,-,Y,,,20,,,,,,,Y,1,1,0,1,A,-,01,23152,A,N,E,I,A,A,H,-,D,A,0,,,,,Y,Y,A,01,0,0,0,0,0,0,0,0,0,"- ","- ",39.164879999999997,-122.96741,LAKE,UNINCORPORATED,-122.96741211,39.164862749999998
90143354,2016,2016-03-24,9151,2016-03-18,1330,019076,,5,1,9,1700,0,2,4,,2,025,"SODA BAY RD","MISSION RANCHERIA RD",264.00,W,N,A,-,N,,,,,,,,,,Y,2,0,2,2,A,-,09,21804,A,N,B,C,A,A,H,-,A,D,0,,,Y,,Y,,D,22,1,0,1,0,0,0,0,0,2,"- ","- ",39.014200000000002,-122.88845000000001,LAKE,UNINCORPORATED,-122.88830942,39.014906889999999
90144782,2016,2016-03-28,9151,2016-03-18,1300,021228,,5,1,9,1700,0,3,5,,2,008,"BUTTS CANYON RD","SNELL VALLEY ROAD",8448.00,W,N,A,-,N,,,,,,,,,,Y,2,0,1,1,A,-,03,22350,,N,F,A,A,A,H,-,A,D,0,,,Y,,Y,,C,02,1,0,0,0,0,0,0,0,1,"- ","- ",38.708750000000002,-122.46917000000001,LAKE,UNINCORPORATED,-122.46807575,38.708084669999998
90165216,2016,2016-04-25,9151,2016-04-18,1315,017300,,1,1,9,1700,0,3,5,,2,007,"BOTTLE ROCK ROAD","SULPHUR CREEK ROAD",4224.00,N,N,A,-,N,,,,,,,,,,Y,2,0,1,1,A,-,08,22107,,N,E,I,A,A,H,-,A,A,0,,,,,Y,,A,01,1,0,0,0,0,0,0,0,0,"- ","- ",38.862209999999997,-122.76388,LAKE,UNINCORPORATED,-122.76542761,38.865085309999998
90186145,2016,2016-05-24,9151,2016-05-13,1923,021228,,5,2,9,1700,0,3,5,,2,001,"CALIFORNIA STREET","CLARK DR",200.00,W,N,A,-,N,,,,,,,,,,Y,2,0,1,3,C,-,18,,,N,G,B,E,A,H,-,A,D,0,Y,,,,Y,,-,"- ",1,0,0,0,1,0,0,0,0,"- ","- ",39.135039999999996,-122.85336,LAKE,UNINCORPORATED,-122.85326503,39.135024350000002
90199949,2016,2016-06-13,9151,2016-05-30,1030,021172,,1,1,9,1700,0,3,5,,2,001,"12TH AVE",SR-20,140.00,N,N,A,-,N,,,,,,,,,,N,2,0,1,2,A,-,09,21804,A,N,D,G,A,A,H,-,A,A,0,,Y,,,Y,,L,04,1,0,0,0,0,0,1,0,0,"- ","- ",39.088380000000001,-122.79357,LAKE,UNINCORPORATED,-122.79358507000001,39.088345429999997
90202668,2016,2017-01-17,9151,2016-06-05,0926,015435,,7,1,9,1700,0,3,5,,2,005,"BIG VALLEY ROAD","STONE DRIVE",2640.00,N,N,A,-,N,,,,,,,,,,Y,2,0,5,1,A,-,03,22350,,N,E,I,A,A,H,-,A,D,0,,,,,Y,,A,07,2,2,1,0,0,0,0,0,0,"- ","- ",39.003880000000002,-122.88472,LAKE,UNINCORPORATED,-122.87557,39.003869999999999
90203092,2016,2016-06-16,9151,2016-06-04,2245,021172,,6,3,9,1700,0,1,3,,2,018,SR-29,"CENTRAL PARK RD.",510.00,N,N,A,-,Y,,,29,,,,,,,Y,2,0,1,1,A,-,01,23152,A,M,E,I,A,A,H,-,D,D,0,,,,,Y,Y,A,07,1,0,0,0,0,0,0,0,0,"- ","- ",38.745440000000002,-122.62085,LAKE,UNINCORPORATED,-122.62084691,38.745437240000001
90217428,2016,2016-09-05,9151,2016-06-23,1202,019811,,4,1,9,1700,0,2,4,,2,025,"SODA BAY ROAD","MONTEZUMA WAY",2640.00,E,N,A,-,Y,,,,,,,,,,Y,2,0,3,2,A,-,01,23152,E,N,A,C,A,A,H,-,A,D,0,,,,,Y,,A,01,2,1,0,0,0,0,0,0,0,"- ","- ",38.973570000000002,-122.74324,LAKE,UNINCORPORATED,-122.74226465,38.986112319999997
90218849,2016,2016-07-08,9151,2016-07-01,0905,019811,,5,1,9,1700,0,1,3,,1,011,SR-20,"SARATOGA SPRINGS RD.",350.00,W,N,A,-,Y,,,20,,,,,,,Y,2,0,1,1,A,-,08,22107,,N,E,I,A,A,H,-,A,D,0,,,,,Y,,A,01,1,0,0,0,0,0,0,0,0,"- ","- ",39.165379999999999,-122.97815,LAKE,UNINCORPORATED,-122.97813336999999,39.165330660000002
90219955,2016,2016-07-11,9151,2016-06-26,1522,015435,,7,2,9,1700,0,1,3,,1,011,SR-20,"SIXTEENTH AVENUE",80.00,E,N,A,-,Y,,,20,,,,,,,Y,2,0,1,3,A,-,08,22107,,F,C,E,F,A,H,-,A,D,0,Y,,,,Y,,D,22,1,0,0,0,1,0,0,0,0,"- ","- ",39.085189999999997,-122.79131,LAKE,UNINCORPORATED,-122.79138132,39.085159040000001
90221280,2016,2016-07-12,9151,2016-04-14,2213,021152,,4,3,9,1700,0,1,3,,1,024,SR-29,"DIENER DR",4224.00,N,N,B,-,Y,,,29,,,,,,,Y,1,1,0,1,A,-,08,22107,,N,E,I,A,B,H,-,D,D,0,,,,,Y,,A,01,0,0,0,0,0,0,0,0,0,"- ","- ",38.91283,-122.68380999999999,LAKE,UNINCORPORATED,-122.68380079000001,38.912852800000003
90232943,2016,2016-07-28,9151,2016-07-15,1140,019811,,5,1,9,1700,0,1,3,,1,028,SR-175,"BROOKHILL RD.",558.00,W,N,A,-,Y,,,175,,,,,,,N,2,0,1,1,A,-,03,22350,,N,F,A,A,A,H,-,A,D,0,,,Y,,Y,,C,02,1,0,0,0,0,0,0,0,1,"- ","- ",38.8065,-122.70484,LAKE,UNINCORPORATED,-122.70485564000001,38.806492089999999
90234693,2016,2016-08-01,9151,2016-07-21,2500,019811,,4,4,9,1700,0,1,3,,1,011,SR-20,"BLUE LAKES ROAD",250.00,W,N,A,-,Y,,,,,,,,,,Y,2,0,1,1,A,-,08,22107,,N,E,I,A,A,H,-,D,D,0,,,Y,,Y,,C,02,1,0,0,0,0,0,0,0,1,"- ","- ",39.186790000000002,-122.03006999999999,LAKE,UNINCORPORATED,-123.03016700000001,39.186870429999999
90234697,2016,2016-08-01,9151,2016-07-25,0736,015435,,1,1,9,1700,0,1,3,,2,015,SR-29,"SR-175 (COBB)",1584.00,N,N,A,-,Y,,,29,,,,,,,Y,2,0,1,1,A,-,08,22107,,N,E,I,A,A,H,-,A,D,0,,,Y,,Y,,C,02,1,0,0,0,0,0,0,0,1,"- ","- ",38.943559999999998,-122.79611,LAKE,UNINCORPORATED,-122.79610827,38.943572580000001
90236775,2016,2016-08-03,9151,2016-06-30,1700,019811,,4,2,9,1700,0,1,3,,2,018,SR-29,"A ST.",160.00,S,N,A,-,Y,,,29,,,,,,,Y,1,1,0,2,A,-,09,21804,A,N,D,C,A,A,H,-,A,D,0,,,Y,,Y,,C,06,0,0,0,0,0,0,0,1,0,"- ","- ",38.867809999999999,-122.62300999999999,LAKE,UNINCORPORATED,-122.62303812,38.867822879999999
90237493,2016,2016-08-04,9151,2016-07-28,2500,018337,,4,4,9,1700,0,1,3,,2,018,SR-29,"SPRUCE GROVE ROAD (S)",5808.00,N,N,A,-,Y,,,29,,,,,,,Y,2,0,1,1,A,-,08,22107,,N,F,A,A,A,H,-,D,D,0,,,Y,,Y,,C,02,1,0,0,0,0,0,0,0,1,"- ","- ",38.832790000000003,-122.58862999999999,LAKE,UNINCORPORATED,-122.58861640000001,38.832801150000002
90240692,2016,2016-08-09,9151,2016-08-01,1340,021152,,1,1,9,1700,0,1,3,,2,018,SR-29,"HOFACKER ROAD",130.00,N,N,A,-,Y,,,29,,,,,,,Y,2,0,1,1,A,-,01,23152,A,N,E,I,A,A,H,-,A,D,0,,,,,Y,Y,A,07,1,0,0,0,0,0,0,0,0,"- ","- ",38.848399999999998,-122.61167,LAKE,UNINCORPORATED,-122.61168365,38.848380169999999
90258148,2016,2016-08-31,9151,2016-08-28,1100,015435,,7,1,9,1700,0,1,3,,1,011,SR-20,"SCOTTS VALLEY ROAD",1056.00,E,N,A,-,Y,,,,,,,,,,Y,2,0,1,1,A,-,08,22107,,N,E,I,A,A,H,-,A,D,0,,,Y,,Y,,C,02,1,0,0,0,0,0,0,0,1,"- ","- ",39.15849,-122.08826000000001,LAKE,UNINCORPORATED,-122.99037257000001,39.157088350000002
90258360,2016,2016-08-31,9151,2016-08-21,1514,021199,,7,2,9,1700,0,3,5,,2,004,"SULPHUR BANK DRIVE","NORTH DRIVE",2112.00,N,N,A,-,N,,,,,,,,,,Y,2,0,2,1,A,-,08,22107,,N,F,A,A,A,H,-,A,D,0,,,,,Y,Y,A,07,1,0,1,0,0,0,0,0,0,"- ","- ",38.994340000000001,-122.67367,LAKE,UNINCORPORATED,-122.67350336,38.994488330000003
90260928,2016,2016-09-05,9151,2016-08-25,1610,021255,,4,2,9,1700,0,3,5,,2,007,"EAST HIGHLAND SPRINGS ROAD","HIGHLAND SPRINGS ROAD",1056.00,S,N,A,-,N,,,,,,,,,,Y,2,0,1,1,A,-,08,22107,,N,F,A,A,A,H,-,A,D,0,,,Y,,Y,,C,02,1,0,0,0,0,0,0,0,1,"- ","- ",38.945950000000003,-122.90222,LAKE,UNINCORPORATED,-122.90244310999999,38.946283299999997
90263886,2016,2016-09-08,9151,2016-08-29,1252,021199,,1,1,9,1700,0,1,3,,1,024,SR-29,"MARSH VIEW WAY",250.00,N,N,A,-,Y,,,29,,,,,,,Y,2,0,1,1,A,-,08,22107,,N,E,I,A,A,H,-,A,D,0,,,,,Y,,A,01,1,0,0,0,0,0,0,0,0,"- ","- ",38.909840000000003,-122.62205,LAKE,UNINCORPORATED,-122.6220031,38.910103050000004
90282033,2016,2016-10-03,9151,2016-09-03,2325,021172,,6,3,9,1700,0,1,3,,1,022,SR-20,"OLD LONG VALLEY ROAD",26.00,E,N,A,-,Y,,,20,,,,,,,Y,2,0,1,1,A,-,08,22107,,N,E,I,A,A,H,-,D,D,0,,,,,Y,,A,08,1,0,0,0,0,0,0,0,0,"- ","- ",39.018349999999998,-122.59611,LAKE,UNINCORPORATED,-122.59613028,39.01822963
90293528,2016,2016-10-20,9151,2016-10-05,1716,016093,,3,2,9,1700,0,1,3,,2,018,SR-29,"GRANGE ROAD",528.00,S,N,A,-,Y,,,29,,,,,,,Y,2,0,2,2,A,-,06,21751,,N,B,C,A,A,H,-,A,A,0,,,,,Y,,A,01,1,1,0,0,0,0,0,0,0,"- ","- ",38.781999999999996,-122.56966,LAKE,UNINCORPORATED,-122.56965989,38.781999929999998
90297427,2016,2016-10-20,9151,2016-10-16,0655,019811,,7,1,9,1700,0,3,5,,2,001,"MENDENHALL AVE.","ELK MTN RD",5.00,N,N,B,C,N,,,,,,,,,,N,2,0,1,1,A,-,03,22350,,N,E,I,A,B,H,-,B,D,0,,,,,Y,,D,22,1,0,0,0,0,0,0,0,0,"- ","- ",39.171799999999998,-122.91159,LAKE,UNINCORPORATED,-122.91167,39.168320000000001
90320994,2016,2016-11-16,9151,2016-08-03,1433,019840,,3,2,9,1700,0,1,3,,1,035,SR-281,"TENINO WAY",688.00,W,N,A,-,Y,,,281,,,,,,,Y,1,1,2,2,A,-,01,23152,E,N,A,C,A,A,H,-,A,D,0,,,,,Y,,A,01,0,2,0,0,0,0,0,0,0,"- ","- ",38.958910000000003,-122.72845,LAKE,UNINCORPORATED,-122.72838428,38.958919190000003
90373266,2017,2017-01-19,9151,2017-01-07,2129,019200,,6,2,9,1700,0,1,3,,2,015,"SR-175 HOPLAND EXTENSION",SR-29,12.00,E,N,B,C,Y,,,175,,,,,,,Y,2,0,1,2,A,-,01,23152,A,N,D,C,A,B,H,-,C,A,0,,,,,Y,Y,A,07,1,0,0,0,0,0,0,0,0,"- ","- ",39.016959999999997,-122.91274,LAKE,UNINCORPORATED,-122.91291411,39.016907009999997
90381181,2017,2017-01-30,9151,2017-01-13,1315,020522,,5,1,9,1700,0,1,3,,1,013,"SR-29 SOUTHBOUND","LAKEPORT BLVD",800.00,N,N,A,-,Y,,,,,,,,,,Y,2,0,1,1,A,-,01,23152,A,N,F,A,A,A,B,-,A,D,0,,,Y,,Y,Y,C,02,1,0,0,0,0,0,0,0,1,"- ","- ",39.034999999999997,-122.9255,LAKE,UNINCORPORATED,-122.92544848,39.035133199999997
90385155,2016,2017-02-02,9151,2016-10-01,1105,019533,,6,1,9,1700,0,1,3,,1,011,SR-20,"BARTLETT SPRINGS RD",203.00,E,N,A,-,Y,,,20,,,,,,,Y,1,1,0,1,A,-,08,22107,,N,E,I,A,A,H,-,A,D,0,,,,,Y,,A,01,0,0,0,0,0,0,0,0,0,"- ","- ",39.111609999999999,-122.81950000000001,LAKE,UNINCORPORATED,-122.81952179,39.111589340000002
90413233,2017,2017-03-15,9151,2017-03-04,1628,021014,,6,2,9,1700,0,1,3,,1,022,SR-20,"WALKER RIDGE ROAD",12144.00,W,N,B,C,Y,,,20,,,,,,,Y,2,0,5,4,A,-,03,22350,,N,A,C,A,B,H,-,A,D,0,,,,,Y,,A,01,2,1,2,0,0,0,0,0,0,"- ","- ",39.017040000000001,-122.49071000000001,LAKE,UNINCORPORATED,-122.49074087,39.017011740000001
90425922,2016,2017-04-03,9151,2016-09-28,1640,021152,,3,2,9,1700,0,3,5,,2,006,"MAIN STREET","ADAMS ST",78.00,E,N,A,-,N,,,,,,,,,,Y,1,1,0,5,A,-,01,23152,E,N,G,B,E,A,H,-,A,D,0,Y,,,,Y,,D,22,0,0,0,1,0,0,0,0,0,"- ","- ",38.910290000000003,-122.60715,LAKE,UNINCORPORATED,-122.6072358,38.910341930000001
90432798,2017,2017-04-12,9151,2017-04-06,0700,019076,,4,1,9,1700,0,1,3,,1,013,SR-29,"HILL RD OVERCROSSING",1584.00,N,N,B,C,Y,,,29,,,,,,,Y,2,0,5,3,A,-,03,22350,,N,A,C,A,B,H,-,A,D,0,,,,,Y,,A,01,1,0,4,0,0,0,0,0,0,"- ","- ",39.072420000000001,-122.93096,LAKE,UNINCORPORATED,-122.93099526,39.072423870000002
90438148,2017,2017-04-19,9151,2017-04-08,1935,021014,,6,2,9,1700,0,1,3,,1,011,SR-20,"HENDERSON DRIVE",20.00,W,N,A,-,Y,,,20,,,,,,,Y,2,0,2,3,A,-,01,23152,F,N,C,E,F,A,H,-,A,D,0,Y,,,,Y,,A,07,1,1,0,0,1,0,0,0,0,"- ","- ",39.021850000000001,-122.71442,LAKE,UNINCORPORATED,-122.71441933,39.021831640000002
90450879,2017,2017-05-08,9151,2017-02-16,2037,021172,,4,2,9,1700,0,1,3,,1,024,SR-29,"DIENER DRIVE",1879.00,N,N,A,-,Y,,,29,,,,,,,Y,2,0,1,1,A,-,01,23152,A,N,E,I,A,A,H,-,D,D,0,,,,,Y,Y,D,22,1,0,0,0,0,0,0,0,0,"- ","- ",38.909610000000001,-122.6782,LAKE,UNINCORPORATED,-122.67813242,38.9096695
90450920,2017,2017-05-08,9151,2017-01-12,2220,021255,,4,3,9,1700,0,1,3,,1,011,SR-20,"FOOTHILL DRIVE",1056.00,W,N,B,-,Y,,,20,,,,,,,Y,1,1,0,1,A,-,01,23152,A,N,E,I,A,B,H,-,D,D,0,,,,,Y,Y,A,01,0,0,0,0,0,0,0,0,0,"- ","- ",39.101790000000001,-122.80762,LAKE,UNINCORPORATED,-122.8076129,39.101798989999999
90456203,2017,2017-05-15,9151,2017-05-06,1005,019076,,6,1,9,1700,0,1,3,,1,012,SR-20,"LAKE ST",60.00,E,N,A,-,Y,,,20,,,,,,,Y,2,0,1,2,A,-,09,21804,A,N,D,C,A,A,H,-,A,A,0,,,Y,,Y,,C,02,1,0,0,0,0,0,0,0,1,"- ","- ",39.026600000000002,-122.67055999999999,LAKE,UNINCORPORATED,-122.67057635,39.02664541
90470219,2017,2017-06-02,9151,2017-05-26,1725,019811,,5,2,9,1700,0,3,5,,2,001,"LAKESHORE BLVD.","PARK WAY",0.00,,Y,A,-,N,,,,,,,,,,Y,2,0,1,1,A,-,08,22107,,N,E,I,A,A,H,-,A,D,0,,,,,Y,,A,01,1,0,0,0,0,0,0,0,0,"- ","- ",39.076799999999999,-122.90989,LAKE,UNINCORPORATED,-122.90996989,39.076829959999998
90486684,2017,2017-06-23,9151,2017-06-17,1735,016093,,6,2,9,1700,0,3,5,,2,008,"BUTTS CANYON ROAD",SR-29,6336.00,E,N,A,-,N,,,,,,,,,,Y,2,0,1,1,A,-,01,23152,A,N,E,I,A,A,H,-,A,D,0,,,,,Y,Y,A,01,1,0,0,0,0,0,0,0,0,"- ","- ",38.444600000000001,-122.35299999999999,LAKE,UNINCORPORATED,-122.58808878000001,38.748171409999998
90502052,2017,2017-07-18,9151,2017-06-01,1210,019076,,4,1,9,1700,0,1,3,,1,022,SR-20,"NEW LONG VALLEY RD",1584.00,W,N,A,-,Y,,,20,,,,,,,Y,2,0,1,2,C,-,18,,,N,A,C,A,A,H,-,A,D,0,,,Y,Y,Y,,-,"- ",1,0,0,0,0,0,0,0,1,"- ","- ",39.018120000000003,-122.57746,LAKE,UNINCORPORATED,-122.57745369,39.018037370000002
90510251,2017,2017-09-07,9151,2017-05-27,0222,021228,,6,3,9,1700,0,3,5,,2,007,"GOLD DUST DRIVE","WILSON ROAD",0.00,,Y,A,-,N,,,,,,,,,,Y,1,3,0,1,A,-,01,23152,A,N,E,I,A,A,H,-,D,D,0,,,,,Y,Y,A,01,0,0,0,0,0,0,0,0,0,"- ","- ",38.964120000000001,-122.85251,LAKE,UNINCORPORATED,-122.8524099,38.964179889999997
90513667,2017,2017-08-03,9151,2017-06-15,2056,021014,,4,2,9,1700,0,3,5,,2,008,"BUTTS CANYON RD",SR-29,8448.00,E,N,A,-,N,,,,,,,,,,Y,1,1,0,1,A,-,01,23152,A,N,E,I,A,A,H,-,B,D,0,,,Y,,Y,Y,C,02,0,0,0,0,0,0,0,1,0,"- ","- ",38.746040000000001,-122.58396,LAKE,UNINCORPORATED,-122.58161896999999,38.745985449999999
90527155,2017,2017-08-21,9151,2017-08-12,0051,021793,,6,3,9,1700,0,2,4,,2,043,"LAKESHORE BLVD","DEER HILL LN",268.00,N,N,A,-,N,,,,,,,,,,Y,2,0,2,1,A,-,01,23152,A,N,E,I,A,A,H,-,C,D,0,,,,,Y,Y,D,22,2,0,0,0,0,0,0,0,0,"- ","- ",39.088799999999999,-122.90309999999999,LAKE,UNINCORPORATED,-122.90318411,39.08875278
90540871,2017,2017-09-05,9151,2017-08-27,2200,019533,,7,3,9,1700,0,3,5,,2,006,"MORGAN VALLEY RD.","MIANTENINO RANCH RD.",2640.00,W,N,A,-,N,,,,,,,,,,Y,2,0,1,1,A,-,03,22350,,N,E,I,A,A,H,-,D,D,0,,,,,Y,Y,A,01,1,0,0,0,0,0,0,0,0,"- ","- ",38.886429999999997,-122.50067,LAKE,UNINCORPORATED,-122.50067,38.886429999999997
90541651,2017,2017-09-06,9151,2017-08-29,0655,017141,,2,1,9,1700,0,3,5,,2,008,"HOBERG DRIVE (SOUTH)","HOBERG DR",17.00,S,N,A,-,N,,,,,,,,,,N,2,0,1,2,A,-,08,22107,,N,A,C,A,A,H,-,A,D,0,,,Y,,Y,,C,02,1,0,0,0,0,0,0,0,1,"- ","- ",38.845039999999997,-122.73031,LAKE,UNINCORPORATED,-122.73704918,38.846833519999997
90542523,2017,2017-09-07,9151,2017-08-29,1312,017141,,2,1,9,1700,0,1,3,,2,015,SR-29,"BOTTLE ROCK RD",100.00,S,N,A,-,Y,,,29,,,,,,,Y,2,0,1,1,A,-,08,22107,,N,F,A,A,A,H,-,A,D,0,,,,,Y,,A,01,1,0,0,0,0,0,0,0,0,"- ","- ",38.944429999999997,-122.81474,LAKE,UNINCORPORATED,-122.81474068999999,38.944428180000003