CASE_ID,ACCIDENT_YEAR,PROC_DATE,JURIS,COLLISION_DATE,COLLISION_TIME,OFFICER_ID,REPORTING_DISTRICT,DAY_OF_WEEK,CHP_SHIFT,POPULATION,CNTY_CITY_LOC,SPECIAL_COND,BEAT_TYPE,CHP_BEAT_TYPE,CITY_DIVISION_LAPD,CHP_BEAT_CLASS,BEAT_NUMBER,PRIMARY_RD,SECONDARY_RD,DISTANCE,DIRECTION,INTERSECTION,WEATHER_1,WEATHER_2,STATE_HWY_IND,CALTRANS_COUNTY,CALTRANS_DISTRICT,STATE_ROUTE,ROUTE_SUFFIX,POSTMILE_PREFIX,POSTMILE,LOCATION_TYPE,RAMP_INTERSECTION,SIDE_OF_HWY,TOW_AWAY,COLLISION_SEVERITY,NUMBER_KILLED,NUMBER_INJURED,PARTY_COUNT,PRIMARY_COLL_FACTOR,PCF_CODE_OF_VIOL,PCF_VIOL_CATEGORY,PCF_VIOLATION,PCF_VIOL_SUBSECTION,HIT_AND_RUN,TYPE_OF_COLLISION,MVIW,PED_ACTION,ROAD_SURFACE,ROAD_COND_1,ROAD_COND_2,LIGHTING,CONTROL_DEVICE,CHP_ROAD_TYPE,PEDESTRIAN_ACCIDENT,BICYCLE_ACCIDENT,MOTORCYCLE_ACCIDENT,TRUCK_ACCIDENT,NOT_PRIVATE_PROPERTY,ALCOHOL_INVOLVED,STWD_VEHTYPE_AT_FAULT,CHP_VEHTYPE_AT_FAULT,COUNT_SEVERE_INJ,COUNT_VISIBLE_INJ,COUNT_COMPLAINT_PAIN,COUNT_PED_KILLED,COUNT_PED_INJURED,COUNT_BICYCLIST_KILLED,COUNT_BICYCLIST_INJURED,COUNT_MC_KILLED,COUNT_MC_INJURED,PRIMARY_RAMP,SECONDARY_RAMP,LATITUDE,LONGITUDE,COUNTY,CITY,POINT_X,POINT_Y
90553319,2017,2018-04-13,9151,2017-09-16,1250,021793,,6,1,9,1700,0,3,5,,2,008,"BUTTS CANYON RD","OAT HILL ROAD",3696.00,W,N,A,-,N,,,,,,,,,,Y,1,1,0,1,A,-,08,22107,,N,E,I,A,A,H,-,A,D,0,,,,,Y,,A,07,0,0,0,0,0,0,0,0,0,"- ","- ",38.729329999999997,-122.55414,LAKE,UNINCORPORATED,-122.55261871,38.728293620000002
90563362,2017,2017-10-04,9151,2017-09-24,1619,018337,,7,2,9,1700,0,1,3,,1,011,SR-20,"OAK CREST AVE",278.00,W,N,A,-,Y,,,20,,,,,,,Y,2,0,1,1,A,-,08,22107,,N,E,I,A,A,H,-,A,D,0,,,,,Y,,D,22,1,0,0,0,0,0,0,0,0,"- ","- ",39.072020000000002,-122.78194000000001,LAKE,UNINCORPORATED,-122.78209732000001,39.071955869999996
90566733,2017,2017-10-10,9151,2017-09-29,1845,021172,,5,2,9,1700,0,3,5,,2,002,"NEW LONG VALLEY","POMO TRAIL",5280.00,S,N,A,-,N,,,,,,,,,,N,2,0,1,1,A,-,03,22350,,N,F,A,A,A,B,D,A,A,0,,,Y,,Y,,C,02,1,0,0,0,0,0,0,0,1,"- ","- ",39.036389999999997,-122.57338,LAKE,UNINCORPORATED,-122.57339877,39.036157750000001
90611673,2017,2017-12-12,9151,2017-08-02,0327,019533,,3,3,9,1700,0,1,3,,2,015,SR-29,"HIGHLAND SPRINGS RD.",528.00,S,N,A,-,Y,,,29,,,,,,,N,1,1,0,2,A,-,11,21956,,N,G,B,E,A,H,-,D,D,0,Y,,,,Y,,N,60,0,0,0,1,0,0,0,0,0,"- ","- ",38.999110000000002,-122.89031,LAKE,UNINCORPORATED,-122.89032016,38.99908834
90617022,2017,2018-01-26,9151,2017-11-07,0638,017300,,2,1,9,1700,0,1,3,,2,015,SR-29,"HIGHLAND SPRINGS ROAD",3090.00,S,N,A,-,Y,,,29,,,,,,,Y,1,1,0,1,A,-,01,23152,F,N,E,I,A,A,H,-,A,D,0,,,,,Y,,A,07,0,0,0,0,0,0,0,0,0,"- ","- ",38.999070000000003,-122.88952999999999,LAKE,UNINCORPORATED,-122.88966538,38.998781289999997
90617030,2017,2017-12-15,9151,2017-10-24,1533,020522,,2,2,9,1700,0,1,3,,1,016,SR-53,"ANDERSON RANCH PKY",654.00,N,N,A,-,Y,,,53,,,,,,,Y,1,1,1,2,D,-,00,,,N,B,C,A,A,H,-,A,D,0,,,,,Y,,-,"- ",0,0,1,0,0,0,0,0,0,"- ","- ",38.92192,-122.61291,LAKE,UNINCORPORATED,-122.61296728000001,38.921906069999999
90627098,2017,2017-12-26,9151,2017-12-13,1415,017141,,3,2,9,1700,0,1,3,,2,018,SR-29,"RANCHERIA RD",528.00,S,N,A,-,Y,,,29,,,,,,,Y,2,0,2,2,A,-,05,21460,A,N,D,C,A,A,H,-,A,D,0,,,Y,,Y,,C,02,1,1,0,0,0,0,0,0,1,"- ","- ",38.727020000000003,-122.61985,LAKE,UNINCORPORATED,-122.61979893,38.727052290000003
90629955,2017,2017-12-29,9151,2017-12-18,0325,021255,,1,3,9,1700,0,1,3,,1,022,SR-20,"LONG BRANCH DRIVE",150.00,W,N,A,-,Y,,,20,,,,,,,N,2,0,4,1,A,-,08,22107,,N,E,I,A,A,H,-,D,D,0,,,,,Y,,A,08,1,3,0,0,0,0,0,0,0,"- ","- ",38.988010000000003,-122.53931,LAKE,UNINCORPORATED,-122.53929938,38.988824030000004
90639768,2018,2018-04-20,9151,2018-01-04,1839,020522,,4,2,9,1700,0,1,3,,1,012,SR-20,"CORA DR",8.00,E,N,B,C,Y,,,20,,,,,,,Y,1,1,3,2,A,-,01,23152,F,F,D,C,A,B,H,-,D,D,0,,,,,Y,,A,07,1,1,1,0,0,0,0,0,0,"- ","- ",39.039119720458984,-122.76554870605469,LAKE,UNINCORPORATED,-122.76557159423828,39.039150238037109
9064032,2020,2020-05-14,1702,2020-02-27,1253,196,,4,5,3,1702,0,0,0,,0,,"OLD HWY 53","HIGHLANDS HARBOR RD",16.00,W,N,A,-,N,,,,,,,,,,N,2,0,1,2,A,-,11,21954,A,N,G,B,D,A,H,-,A,D,0,Y,,,,Y,,N,60,1,0,0,0,1,0,0,0,0,"- ","- ",38.92108154296875,-122.6220703125,LAKE,CLEARLAKE,-122.62205505371094,38.931056976318359
90641520,2018,2018-01-17,9151,2018-01-08,1136,019533,,1,1,9,1700,0,1,3,,1,022,SR-20,"WALKER RIDGE RD.",1056.00,E,N,B,C,Y,,,20,,,,,,,Y,2,0,1,1,A,-,03,22350,,N,E,I,A,B,H,-,A,D,0,,,,,Y,,A,01,1,0,0,0,0,0,0,0,0,"- ","- ",39.018218994140625,-122.44566345214844,LAKE,UNINCORPORATED,-122.44573211669922,39.018177032470703
9064157,2020,2020-11-30,1702,2020-02-22,0214,210,6A,6,5,3,1702,0,0,0,,0,,"RT 53","40TH AV",0.00,,Y,A,-,Y,LAK,1,53,-,-,2.960,I,5,S,Y,2,0,2,1,A,-,01,23152,A,M,E,I,A,A,H,-,C,A,0,,,,,Y,Y,A,01,2,0,0,0,0,0,0,0,0,"- ","- ",38.950721740722656,-122.62315368652344,LAKE,CLEARLAKE,-122.62319183349609,38.950702667236328
90652835,2017,2018-02-01,9151,2017-11-29,1615,015435,,3,2,9,1700,0,1,3,,2,018,SR-29,"ST. HELENA CREEK ROAD",528.00,S,N,A,-,Y,,,29,,,,,,,N,1,1,0,2,A,-,17,21200,,N,D,G,A,A,H,-,A,D,0,,Y,,,Y,Y,L,04,0,0,0,0,0,1,0,0,0,"- ","- ",38.756250000000001,-122.60893,LAKE,UNINCORPORATED,-122.60892377,38.756232199999999
90664628,2017,2018-02-20,9151,2017-12-31,1319,020522,,7,1,9,1700,0,1,3,,1,011,SR-20,"HARVEY BOULEVARD",50.00,W,N,B,-,Y,,,20,,,,,,,Y,1,1,2,2,A,-,05,21460,A,N,A,C,A,A,H,-,A,D,0,,,,,Y,,A,01,2,0,0,0,0,0,0,0,0,"- ","- ",39.023609999999998,-122.72465,LAKE,UNINCORPORATED,-122.72465342,39.023625320000001
90666544,2017,2018-02-22,9151,2017-12-01,1650,020949,,5,2,9,1700,0,1,3,,1,011,SR-20,"VAN SLEEPER ROAD",1780.00,W,N,A,-,Y,,,20,,,,,,,Y,1,1,1,3,A,-,06,21751,,N,B,C,A,A,H,-,B,D,0,,,,,Y,,A,01,0,1,0,0,0,0,0,0,0,"- ","- ",39.168170000000003,-122.93196,LAKE,UNINCORPORATED,-122.93192267000001,39.168257019999999
90666597,2018,2018-02-22,9151,2018-02-13,2250,020927,,2,3,9,1700,0,1,3,,1,011,SR-20,"BERYL WAY",528.00,E,N,A,-,Y,,,20,,,,,,,Y,2,0,1,1,A,-,01,23152,G,N,E,I,A,A,H,-,D,D,0,,,,,Y,Y,A,01,1,0,0,0,0,0,0,0,0,"- ","- ",39.021499633789062,-122.69036865234375,LAKE,UNINCORPORATED,-122.69036865234375,39.021469116210938
90682311,2018,2018-03-14,9151,2018-03-02,0623,016093,,5,1,9,1700,0,1,3,,2,018,SR-29,"HIDDEN VALLEY ROAD",528.00,N,N,A,-,Y,,,29,,,,,,,Y,2,0,2,2,A,-,03,22350,,N,A,C,A,C,H,-,B,D,0,,,,,Y,,D,22,1,0,1,0,0,0,0,0,0,"- ","- ",38.81494140625,-122.57264709472656,LAKE,UNINCORPORATED,-122.57244873046875,38.815032958984375
90691263,2018,2018-03-27,9151,2018-03-21,1445,017141,,3,2,9,1700,0,1,3,,1,013,SR-29,"NICE LUCERNE CUTOFF",528.00,S,N,B,C,Y,,,29,,,,,,,Y,2,0,1,2,A,-,03,22350,,N,C,C,A,B,H,-,A,D,0,,,,,Y,,A,01,1,0,0,0,0,0,0,0,0,"- ","- ",39.114639282226562,-122.90615081787109,LAKE,UNINCORPORATED,-122.90615081787109,39.114643096923828
90724140,2018,2018-05-10,9151,2018-05-04,1550,019076,,5,2,9,1700,0,3,5,,2,003,"SCOTTS VALLEY RD","HALBERG RD",213.00,S,N,A,-,N,,,,,,,,,,Y,2,0,1,1,A,-,03,22350,,N,E,I,A,A,H,-,A,A,0,,,,,Y,,A,01,1,0,0,0,0,0,0,0,0,"- ","- ",39.060741424560547,-122.93550872802734,LAKE,UNINCORPORATED,-122.93557739257812,39.060749053955078
90724780,2018,2018-05-11,9151,2018-05-04,1530,020949,,5,2,9,1700,0,1,3,,1,028,SR-175,"HARRINGTON FLAT RD",800.00,W,N,A,-,Y,,,175,,,,,,,Y,2,0,1,3,A,-,05,21460,A,N,B,C,A,A,H,-,A,D,0,,,Y,,Y,,C,02,1,0,0,0,0,0,0,0,1,"- ","- ",38.855850219726562,-122.72335052490234,LAKE,UNINCORPORATED,-122.72338104248047,38.855850219726562
90762308,2018,2018-07-03,9151,2018-06-24,0630,017300,,7,1,9,1700,0,1,3,,1,011,SR-20,"CRUMP STREET",59.00,E,N,A,-,Y,,,20,,,,,,,Y,2,0,1,2,A,-,08,22107,,N,A,C,A,A,H,-,A,A,0,,,,,Y,,A,01,1,0,0,0,0,0,0,0,0,"- ","- ",39.123001098632812,-122.84462738037109,LAKE,UNINCORPORATED,-122.84462738037109,39.123001098632812
90765727,2018,2018-07-09,9151,2018-07-05,1530,019200,,4,2,9,1700,0,2,4,,2,043,"NICE/LUCERNE CUTOFF","RODMAN SLOUGH",80.00,W,N,A,-,N,,,,,,,,,,Y,2,0,1,2,A,-,03,22350,,N,C,C,A,A,H,-,A,D,0,,,Y,,Y,,C,02,1,0,0,0,0,0,0,0,1,"- ","- ",39.118061065673828,-122.88726806640625,LAKE,UNINCORPORATED,-122.88681793212891,39.118137359619141
90768191,2018,2018-07-12,9151,2018-07-04,1030,017300,,3,1,9,1700,0,1,3,,1,011,SR-20,"HENDERSON DR",1056.00,W,N,A,-,Y,,,20,,,,,,,Y,2,0,1,1,C,-,18,,,N,E,H,A,A,H,-,A,A,0,,,Y,,Y,,-,"- ",1,0,0,0,0,0,0,0,1,"- ","- ",39.02191162109375,-122.71713256835938,LAKE,UNINCORPORATED,-122.71712493896484,39.021915435791016
90770926,2018,2018-07-17,9151,2018-07-09,1805,020522,,1,2,9,1700,0,3,5,,2,004,"SULPHUR BANK ROAD","NORTH ROAD",7392.00,N,N,A,-,N,,,,,,,,,,Y,2,0,1,1,A,-,08,22107,,N,E,I,A,A,H,-,A,D,0,,,,,Y,,A,01,1,0,0,0,0,0,0,0,0,"- ","- ",38.999359130859375,-122.66120910644531,LAKE,UNINCORPORATED,-122.66017913818359,38.999263763427734
90776544,2018,2018-07-25,9151,2018-07-14,2300,021172,,6,3,9,1700,0,1,3,,2,015,SR-29,SR-175,7920.00,S,N,A,-,Y,,,29,,,,,,,N,2,0,1,2,D,-,00,,,N,G,B,E,A,H,-,D,D,0,Y,,,,Y,Y,-,"- ",1,0,0,0,1,0,0,0,0,"- ","- ",38.942359924316406,-122.76789093017578,LAKE,UNINCORPORATED,-122.76788330078125,38.942394256591797
9077828,2020,2021-01-26,1701,2020-03-05,0236,43,3F,4,5,2,1701,0,0,0,,0,,"HARTLEY ST","ANASTASIA DR",0.00,,Y,A,-,N,,,,,,,,,,Y,2,0,1,1,A,-,07,21658,,N,E,J,A,A,H,-,D,D,0,,,,,Y,Y,A,01,1,0,0,0,0,0,0,0,0,"- ","- ",,,LAKE,LAKEPORT,-122.92160034179688,39.060359954833984
90779313,2018,2018-07-27,9151,2018-07-24,1914,019714,,2,2,9,1700,0,1,3,,1,011,SR-20,"HOWARD AVE",0.00,,Y,A,-,Y,,,20,,,,,,,Y,2,0,1,2,A,-,09,21802,A,N,D,A,A,A,H,-,A,D,0,,,,,Y,,M,96,1,0,0,0,0,0,0,0,0,"- ","- ",39.122829437255859,-122.84322357177734,LAKE,UNINCORPORATED,-122.84322357177734,39.122806549072266
90791363,2018,2018-08-15,9151,2018-08-11,0825,016093,,6,1,9,1700,0,3,5,,2,004,"POINT LAKEVIEW ROAD","HAWAINA WAY",39.00,W,N,F,-,N,,,,,,,,,,Y,2,0,1,1,A,-,01,23152,F,N,E,I,A,A,H,-,A,D,0,,,,,Y,,A,01,1,0,0,0,0,0,0,0,0,"- ","- ",38.955608367919922,-122.71006774902344,LAKE,UNINCORPORATED,-122.7186279296875,38.954521179199219
90797130,2018,2018-08-23,9151,2018-07-25,2000,019200,,3,2,9,1700,0,1,3,,1,011,SR-20,"BARTLETT SPRINGS ROAD",1374.00,E,N,A,-,Y,,,20,,,,,,,Y,2,0,1,2,A,-,08,22107,,N,H,C,A,A,H,-,A,D,0,,,,,Y,,A,01,1,0,0,0,0,0,0,0,0,"- ","- ",39.109340667724609,-122.81697845458984,LAKE,UNINCORPORATED,-122.81703186035156,39.109272003173828
90813711,2018,2018-09-14,9151,2018-06-07,1825,021172,,4,2,9,1700,0,1,3,,2,018,SR-29,"BUTTS CANYON ROAD",211.00,N,N,A,-,Y,,,29,,,,,,,Y,1,1,2,2,A,-,05,21460,A,N,A,C,A,A,H,-,A,D,0,,,,,Y,,A,08,0,0,2,0,0,0,0,0,0,"- ","- ",38.757320404052734,-122.60648345947266,LAKE,UNINCORPORATED,-122.60640716552734,38.7572021484375
90821393,2018,2018-09-26,9151,2018-09-15,2215,021152,,6,3,9,1700,0,1,3,,1,011,SR-20,SR-29,80.00,E,N,A,-,Y,,,20,,,,,,,Y,2,0,1,1,A,-,01,23152,A,N,F,A,A,A,H,-,C,A,0,,,Y,,Y,Y,C,02,1,0,0,0,0,0,0,0,1,"- ","- ",39.163528442382812,-122.92031860351562,LAKE,UNINCORPORATED,-122.92031860351562,39.163494110107422
90839919,2018,2018-11-07,9151,2018-05-10,0525,021014,,4,3,9,1700,0,1,3,,2,015,SR-29,"BOTTLE ROCK ROAD",880.00,N,N,A,-,Y,,,29,,,,,,,Y,1,1,1,1,A,-,08,22107,,N,E,I,A,A,G,-,D,D,0,,,,,Y,,A,01,0,1,0,0,0,0,0,0,0,"- ","- ",38.9456787109375,-122.8179931640625,LAKE,UNINCORPORATED,-122.8179931640625,38.945663452148438
90860257,2018,2018-11-14,9151,2018-11-05,1630,019811,,1,2,9,1700,0,3,5,,2,008,"BUTTS CANYON RD.","SNELL VALLEY RD.",10032.00,W,N,A,-,N,,,,,,,,,,Y,2,0,1,1,A,-,08,22107,,N,E,I,A,A,H,-,A,D,0,,,Y,,Y,,C,02,1,0,0,0,0,0,0,0,1,"- ","- ",38.708808898925781,-122.47354888916016,LAKE,UNINCORPORATED,-122.50025939941406,38.719570159912109
90860265,2018,2018-11-14,9151,2018-11-06,1520,021419,,2,2,9,1700,0,1,3,,2,015,SR-29,"MAIN STREET",0.00,,Y,A,-,Y,,,29,,,,,,,Y,2,0,2,2,A,-,09,21801,A,N,A,C,A,A,H,-,A,D,0,,,,,Y,,A,01,1,1,0,0,0,0,0,0,0,"- ","- ",38.971149444580078,-122.83039093017578,LAKE,UNINCORPORATED,-122.8304443359375,38.971084594726562
90862083,2018,2018-11-16,9151,2018-11-05,1400,017141,,1,2,9,1700,0,1,3,,2,015,"E. HIGHLAND SPRINGS RD","HIGHLAND SPRINGS RD",400.00,S,N,A,-,N,,,,,,,,,,N,2,0,1,1,A,-,08,22107,,N,F,A,A,A,H,-,A,D,0,,Y,,,Y,Y,L,04,1,0,0,0,0,0,1,0,0,"- ","- ",38.947948455810547,-122.90260314941406,LAKE,UNINCORPORATED,-122.90259552001953,38.947925567626953
90872432,2018,2018-11-30,9151,2018-11-21,0420,015435,,3,3,9,1700,0,1,3,,1,011,SR-20,"VERNA WAY",2112.00,E,N,B,C,Y,,,20,,,,,,,Y,2,0,1,1,A,-,03,22350,,N,E,I,A,B,H,-,A,D,0,,,,,Y,,A,01,1,0,0,0,0,0,0,0,0,"- ","- ",39.040058135986328,-122.75858306884766,LAKE,UNINCORPORATED,-122.75857543945312,39.040031433105469
90884128,2018,2018-12-17,9151,2018-12-05,1730,020354,,3,2,9,1700,0,3,5,,2,005,"LAGOON DRIVE","LAGOON COURT",90.00,E,N,A,-,N,,,,,,,,,,N,2,0,1,1,A,-,13,22515,A,N,G,B,A,A,H,-,B,D,0,,,,,Y,,A,07,1,0,0,0,0,0,0,0,0,"- ","- ",39.026149749755859,-122.88372802734375,LAKE,UNINCORPORATED,-122.88380432128906,39.026138305664062
90904917,2019,2019-01-15,9151,2019-01-07,1830,021172,,1,2,9,1700,0,1,3,,2,018,SR-29,"BAR X ENTRANCE RD",1790.00,S,N,B,-,Y,,,29,,,,,,,Y,2,0,2,2,A,-,05,21460,A,N,A,C,A,B,H,-,D,D,0,,,,,Y,,D,22,2,0,0,0,0,0,0,0,0,"- ","- ",38.765720367431641,-122.59159851074219,LAKE,UNINCORPORATED,-122.59159088134766,38.76568603515625
90904938,2019,2019-01-15,9151,2019-01-08,0745,021419,,2,1,9,1700,0,1,3,,1,011,SR-20,"EIGTH AVE",177.00,W,N,B,C,Y,,,20,,,,,,,Y,2,0,1,1,A,-,08,22107,,N,E,I,A,B,H,-,A,D,0,,,,,Y,,A,01,1,0,0,0,0,0,0,0,0,"- ","- ",39.091068267822266,-122.79617309570312,LAKE,UNINCORPORATED,-122.79623413085938,39.091007232666016
90930890,2019,2019-02-21,9151,2019-02-11,1535,019811,,1,2,9,1700,0,1,3,,2,018,SR-29,"HOFACKER LANE",4224.00,S,N,B,-,Y,,,29,,,,,,,Y,2,0,1,1,A,-,03,22350,,N,E,I,A,B,H,-,A,D,0,,,,,Y,,A,01,1,0,0,0,0,0,0,0,0,"- ","- ",38.839851379394531,-122.60028839111328,LAKE,UNINCORPORATED,-122.60025787353516,38.839927673339844
90939263,2019,2019-03-14,9151,2019-02-20,1316,017300,,3,1,9,1700,0,1,3,,1,011,SR-20,"20 LAK 2.80",50.00,W,N,A,-,Y,,,20,,,,,,,Y,2,0,1,2,A,-,01,23152,F,N,E,I,A,A,H,-,A,D,0,,,,Y,Y,,D,22,1,0,0,0,0,0,0,0,0,"- ","- ",39.167869567871094,-123.00485229492188,LAKE,UNINCORPORATED,-123.00486755371094,39.167831420898438
90943662,2019,2019-03-11,9151,2019-03-03,1805,020522,,7,2,9,1700,0,3,5,,2,001,"FOOTHILL DR",SR-20,150.00,N,N,B,C,N,,,,,,,,,,N,2,0,1,1,A,-,01,23152,A,N,F,A,A,B,H,-,D,D,0,,,Y,,Y,Y,C,02,1,0,0,0,0,0,0,0,1,"- ","- ",39.099269866943359,-122.80306243896484,LAKE,UNINCORPORATED,-122.80923461914062,39.104278564453125
90946851,2019,2019-03-15,9151,2019-03-01,2125,021793,,5,2,9,1700,0,1,3,,2,018,SR-29,"BRADFORD ROAD",1015.00,S,N,B,C,Y,,,29,,,,,,,Y,2,0,1,1,A,-,01,23152,A,N,E,I,A,B,H,-,D,D,0,,,,,Y,Y,A,01,1,0,0,0,0,0,0,0,0,"- ","- ",38.694301605224609,-122.59822845458984,LAKE,UNINCORPORATED,-122.59819793701172,38.694313049316406
90950235,2019,2019-03-20,9151,2019-02-28,1728,020848,,4,2,9,1700,0,1,3,,1,012,SR-20,"ISLAND DRIVE",616.00,W,N,A,-,Y,,,20,,,,,,,Y,1,1,0,1,A,-,08,22107,,N,E,I,A,A,H,-,A,D,0,,,,,Y,,D,22,0,0,0,0,0,0,0,0,0,"- ","- ",39.019680023193359,-122.67835998535156,LAKE,UNINCORPORATED,-122.67836761474609,39.019641876220703
90957590,2019,2019-03-29,9151,2019-03-18,0355,021793,,1,3,9,1700,0,2,4,,2,043,"LAKESHORE BLVD","PARK WAY",1256.00,N,N,A,-,N,,,,,,,,,,Y,2,0,1,2,A,-,01,23152,A,N,E,I,A,A,H,-,C,D,0,,,,,Y,Y,A,01,1,0,0,0,0,0,0,0,0,"- ","- ",39.07958984375,-122.90702056884766,LAKE,UNINCORPORATED,-122.90723419189453,39.079498291015625
91002139,2019,2019-06-03,9151,2019-05-12,1730,021172,,7,2,9,1700,0,1,3,,1,028,SR-175,"SOCRATES MINE ROAD",220.00,E,N,A,-,Y,,,175,,,,,,,Y,2,0,2,2,A,-,01,23152,A,N,A,C,A,A,H,-,A,D,0,,,,,Y,Y,D,22,1,1,0,0,0,0,0,0,0,"- ","- ",38.781570434570312,-122.68486785888672,LAKE,UNINCORPORATED,-122.68487548828125,38.781562805175781
91017157,2019,2019-06-25,9151,2019-06-23,1740,020522,,7,2,9,1700,0,1,3,,1,011,SR-20,"SARATOGA SPRINGS",0.00,,Y,A,-,Y,,,20,,,,,,,Y,2,0,2,2,A,-,09,21802,A,N,D,C,A,A,H,-,A,A,0,,,,,Y,,A,01,1,0,1,0,0,0,0,0,0,"- ","- ",39.165760040283203,-122.97699737548828,LAKE,UNINCORPORATED,-122.97698211669922,39.165718078613281
91033182,2019,2019-07-18,9151,2019-07-12,0737,016093,,5,1,9,1700,0,3,5,,2,008,"BUTTS CANYON ROAD","OAT HILL ROAD",24288.00,E,N,A,-,N,,,,,,,,,,Y,2,0,1,1,A,-,08,22107,,N,F,A,A,A,H,-,A,D,0,,,Y,,Y,,C,02,1,0,0,0,0,0,0,0,1,"- ","- ",38.712471008300781,-122.4805908203125,LAKE,UNINCORPORATED,-122.47614288330078,38.710639953613281
91033348,2019,2019-07-18,9151,2019-07-08,1000,017141,,1,1,9,1700,0,1,3,,2,018,SR-29,"BRADFORD RD",5280.00,S,N,A,-,Y,,,29,,,,,,,Y,2,0,1,1,A,-,08,22107,,N,E,I,A,A,H,-,A,D,0,,,,,Y,,A,01,1,0,0,0,0,0,0,0,0,"- ","- ",38.684429168701172,-122.59336090087891,LAKE,UNINCORPORATED,-122.59335327148438,38.684436798095703
91042997,2019,2019-07-31,9151,2019-07-21,1400,020955,,7,2,9,1700,0,3,5,,2,002,"BARTLETT SPRINGS RD","WALKER RIDGE RD",7920.00,W,N,A,-,N,,,,,,,,,,N,2,0,2,1,A,-,08,22107,,N,E,I,A,A,H,-,A,D,0,,,Y,,Y,,C,06,1,1,0,0,0,0,0,0,2,"- ","- ",39.165401458740234,-122.50028991699219,LAKE,UNINCORPORATED,-122.50028228759766,39.165431976318359
91043067,2019,2019-07-31,9151,2019-07-19,2223,021255,,5,3,9,1700,0,1,3,,2,015,SR-29,SR-281,3168.00,N,N,A,-,Y,,,29,,,,,,,Y,2,0,9,2,A,-,08,22107,,N,H,H,A,A,H,-,D,D,0,,,,,Y,,D,22,6,3,0,0,0,0,0,0,0,"- ","- ",38.933990478515625,-122.75138854980469,LAKE,UNINCORPORATED,-122.75138854980469,38.933986663818359
91044261,2019,2019-08-02,9151,2019-07-26,0718,016093,,5,1,9,1700,0,1,3,,2,018,SR-29,"GRANGE ROAD",4752.00,S,N,A,-,Y,,,29,,,,,,,Y,2,0,1,1,A,-,01,23152,A,N,E,I,A,A,H,-,A,D,0,,,,,Y,Y,A,01,1,0,0,0,0,0,0,0,0,"- ","- ",38.773708343505859,-122.58409118652344,LAKE,UNINCORPORATED,-122.58401489257812,38.773632049560547
9104791,2020,2020-11-02,1702,2020-05-10,2117,201,,7,5,3,1702,0,0,0,,0,,"LAKESHORE DR","ALVITA AV",110.00,E,N,A,-,N,,,,,,,,,,N,2,0,1,2,A,-,08,22107,,N,A,C,A,A,H,-,D,D,0,,,Y,,Y,,D,72,1,0,0,0,0,0,0,0,1,"- ","- ",38.954959869384766,-122.64753723144531,LAKE,CLEARLAKE,-122.64671325683594,38.955001831054688
91056715,2019,2019-08-21,9151,2019-08-10,0425,021152,,6,3,9,1700,0,1,3,,1,011,SR-20,"PINGREE ROAD",250.00,W,N,A,-,Y,,,20,,,,,,,Y,2,0,2,2,A,-,08,22107,,N,E,I,A,A,H,-,D,D,0,,,,,Y,,D,22,1,0,1,0,0,0,0,0,0,"- ","- ",39.020919799804688,-122.70223999023438,LAKE,UNINCORPORATED,-122.70223236083984,39.020843505859375
91073571,2019,2019-09-12,9151,2019-09-02,1958,019811,,1,2,9,1700,0,1,3,,1,023,SR-175,"MATHEWS ROAD",6864.00,W,N,A,-,Y,,,175,,,,,,,Y,2,0,1,1,A,-,01,23152,A,N,E,I,A,A,H,-,A,D,0,,,Y,,Y,Y,C,02,1,0,0,0,0,0,0,0,1,"- ","- ",38.995311737060547,-122.93377685546875,LAKE,UNINCORPORATED,-122.93377685546875,38.995372772216797
91108945,2019,2019-10-29,9151,2019-10-19,2330,021761,,6,3,9,1700,0,3,5,,2,005,"BIG VALLEY RD.","RENFRO DR.",634.00,E,N,A,-,N,,,,,,,,,,Y,2,0,3,2,A,-,05,21460,A,F,A,C,A,A,H,-,D,D,0,,,,,Y,Y,A,01,2,1,0,0,0,0,0,0,0,"- ","- ",38.989849090576172,-122.85566711425781,LAKE,UNINCORPORATED,-122.85527801513672,38.989479064941406