CASE_ID,ACCIDENT_YEAR,PROC_DATE,JURIS,COLLISION_DATE,COLLISION_TIME,OFFICER_ID,REPORTING_DISTRICT,DAY_OF_WEEK,CHP_SHIFT,POPULATION,CNTY_CITY_LOC,SPECIAL_COND,BEAT_TYPE,CHP_BEAT_TYPE,CITY_DIVISION_LAPD,CHP_BEAT_CLASS,BEAT_NUMBER,PRIMARY_RD,SECONDARY_RD,DISTANCE,DIRECTION,INTERSECTION,WEATHER_1,WEATHER_2,STATE_HWY_IND,CALTRANS_COUNTY,CALTRANS_DISTRICT,STATE_ROUTE,ROUTE_SUFFIX,POSTMILE_PREFIX,POSTMILE,LOCATION_TYPE,RAMP_INTERSECTION,SIDE_OF_HWY,TOW_AWAY,COLLISION_SEVERITY,NUMBER_KILLED,NUMBER_INJURED,PARTY_COUNT,PRIMARY_COLL_FACTOR,PCF_CODE_OF_VIOL,PCF_VIOL_CATEGORY,PCF_VIOLATION,PCF_VIOL_SUBSECTION,HIT_AND_RUN,TYPE_OF_COLLISION,MVIW,PED_ACTION,ROAD_SURFACE,ROAD_COND_1,ROAD_COND_2,LIGHTING,CONTROL_DEVICE,CHP_ROAD_TYPE,PEDESTRIAN_ACCIDENT,BICYCLE_ACCIDENT,MOTORCYCLE_ACCIDENT,TRUCK_ACCIDENT,NOT_PRIVATE_PROPERTY,ALCOHOL_INVOLVED,STWD_VEHTYPE_AT_FAULT,CHP_VEHTYPE_AT_FAULT,COUNT_SEVERE_INJ,COUNT_VISIBLE_INJ,COUNT_COMPLAINT_PAIN,COUNT_PED_KILLED,COUNT_PED_INJURED,COUNT_BICYCLIST_KILLED,COUNT_BICYCLIST_INJURED,COUNT_MC_KILLED,COUNT_MC_INJURED,PRIMARY_RAMP,SECONDARY_RAMP,LATITUDE,LONGITUDE,COUNTY,CITY,POINT_X,POINT_Y
91129216,2019,2019-11-25,9151,2019-11-16,1310,017904,,6,1,9,1700,0,1,3,,1,017,SR-175,"RED HILLS RD.",528.00,E,N,A,-,Y,,,175,,,,,,,Y,2,0,1,1,A,-,08,22107,,N,E,I,A,A,H,-,A,D,0,,,Y,,Y,,C,02,1,0,0,0,0,0,0,0,1,"- ","- ",38.907970428466797,-122.76496887207031,LAKE,UNINCORPORATED,-122.764892578125,38.908111572265625
91133475,2019,2019-12-02,9151,2019-11-25,1825,019811,,1,2,9,1700,0,1,3,,2,015,SR-29,"SMITH RANCH ROAD",728.00,S,N,A,-,Y,,,29,,,,,,,Y,2,0,1,2,A,-,05,21460,A,N,A,C,A,A,H,-,D,D,0,,,,,Y,,A,01,1,0,0,0,0,0,0,0,0,"- ","- ",38.941650390625,-122.76558685302734,LAKE,UNINCORPORATED,-122.76557922363281,38.941661834716797
91141339,2019,2019-12-11,9151,2019-12-01,0555,021014,,7,3,9,1700,0,1,3,,1,011,SR-20,"OLSEN RD",22.00,E,N,B,C,Y,,,20,,,,,,,Y,2,0,1,1,A,-,08,22107,,N,F,I,A,B,H,-,D,D,0,,,,,Y,,D,22,1,0,0,0,0,0,0,0,0,"- ","- ",39.020618438720703,-122.70806121826172,LAKE,UNINCORPORATED,-122.70806121826172,39.020595550537109
91161152,2019,2020-01-07,9151,2019-10-29,1518,020848,,2,2,9,1700,0,1,3,,1,011,SR-20,"MANZANITA AVENUE",132.00,E,N,A,-,Y,,,20,,,,,,,Y,1,1,1,3,A,-,08,22107,,N,A,C,A,A,H,-,A,D,0,,,,Y,Y,,A,08,0,1,0,0,0,0,0,0,0,"- ","- ",39.122898101806641,-122.84375762939453,LAKE,UNINCORPORATED,-122.84375762939453,39.122901916503906
91167121,2020,2020-01-16,9151,2020-01-09,1931,022397,,4,2,9,1700,0,1,3,,2,015,SR-29,"SMITH RANCH ROAD",25.00,S,N,B,-,Y,,,29,,,,,,,Y,2,0,2,2,A,-,03,22350,,N,C,C,A,B,H,-,D,D,0,,,,,Y,Y,D,22,1,0,1,0,0,0,0,0,0,"- ","- ",38.942420959472656,-122.76801300048828,LAKE,UNINCORPORATED,-122.76801300048828,38.942413330078125
91171521,2020,2020-01-23,9151,2020-01-19,0855,021419,,7,1,9,1700,0,1,3,,1,011,SR-20,"VERNA WAY",2112.00,E,N,A,-,Y,,,20,,,,,,,Y,2,0,1,1,A,-,08,22107,,N,E,I,A,A,H,-,A,D,0,,,,Y,Y,,G,27,1,0,0,0,0,0,0,0,0,"- ","- ",39.040000915527344,-122.75813293457031,LAKE,UNINCORPORATED,-122.75814056396484,39.040069580078125
91178612,2020,2020-02-03,9151,2020-01-27,1938,022419,,1,2,9,1700,0,1,3,,1,016,SR-53,"ANDERSON RANCH PKWY",91.00,S,N,B,-,Y,,,53,,,,,,,N,2,0,1,2,A,-,11,21956,,N,G,B,E,A,H,-,D,D,0,Y,,,,Y,,N,60,1,0,0,0,1,0,0,0,0,"- ","- ",38.918121337890625,-122.61216735839844,LAKE,UNINCORPORATED,-122.61224365234375,38.918121337890625
91180569,2019,2020-02-05,9151,2019-08-18,1235,019533,,7,1,9,1700,0,2,4,,2,025,"SODA BAY ROAD","MONTEZUMA WAY",2640.00,S,N,A,-,N,,,,,,,,,,Y,1,1,0,2,A,-,05,21460,A,N,A,C,A,A,H,-,A,D,0,,,Y,,Y,,C,02,0,0,0,0,0,0,0,1,0,"- ","- ",38.971691131591797,-122.74494171142578,LAKE,UNINCORPORATED,-122.74332427978516,38.973041534423828
91180993,2020,2020-02-05,9151,2020-01-05,1513,020522,,7,2,9,1700,0,1,3,,1,017,"SR-175 (COBB)",SR-29,2640.00,E,N,A,-,Y,,,175,,,,,,,Y,1,1,0,1,A,-,08,22107,,N,E,I,A,A,H,-,A,D,0,,,,,Y,,A,07,0,0,0,0,0,0,0,0,0,"- ","- ",38.937759399414062,-122.78507232666016,LAKE,UNINCORPORATED,-122.78509521484375,38.937728881835938
91186841,2019,2020-03-26,9151,2019-12-20,1758,020354,,5,2,9,1700,0,1,3,,1,022,SR-20,"NEW LONG VALLEY ROAD",10032.00,E,N,A,-,Y,,,20,,,,,,,Y,1,1,0,1,A,-,08,22107,,N,E,I,A,A,H,-,D,D,0,,,,,Y,Y,A,01,0,0,0,0,0,0,0,0,0,"- ","- ",38.995891571044922,-122.55284118652344,LAKE,UNINCORPORATED,-122.55278778076172,38.995979309082031
91204142,2020,2020-03-09,9151,2020-02-26,1001,017904,,3,1,9,1700,0,1,3,,2,018,SR-29,"HOFACKER LN.",528.00,N,N,A,-,Y,,,29,,,,,,,Y,2,0,1,2,A,-,21,22106,,N,D,C,A,A,H,-,A,D,0,,,Y,,Y,,D,22,1,0,0,0,0,0,0,0,1,"- ","- ",38.850811004638672,-122.61637878417969,LAKE,UNINCORPORATED,-122.61635589599609,38.850864410400391
91211867,2020,2020-03-19,9151,2020-03-15,0748,017904,,7,1,9,1700,0,1,3,,2,018,"SR-29 S/B","SPRUCE GROVE RD.",8976.00,N,N,C,-,Y,,,29,,,,,,S,Y,2,0,1,1,A,-,03,22350,,N,E,I,A,B,H,-,A,D,0,,,,,Y,,D,22,1,0,0,0,0,0,0,0,0,"- ","- ",38.839038848876953,-122.59018707275391,LAKE,UNINCORPORATED,-122.59009552001953,38.839130401611328
91213692,2020,2020-03-23,9151,2020-03-15,1300,017141,,7,1,9,1700,0,3,5,,2,005,"STATE ST","MAIN ST",287.00,N,N,B,-,N,,,,,,,,,,Y,2,0,1,1,A,-,03,22350,,N,E,I,A,B,H,-,A,D,0,,,,,Y,,A,01,1,0,0,0,0,0,0,0,0,"- ","- ",38.977920532226562,-122.83360290527344,LAKE,UNINCORPORATED,-122.83370971679688,38.977897644042969
91213941,2020,2020-04-29,9151,2020-02-15,1651,020848,,6,2,9,1700,0,1,3,,1,012,SR-20,"MORINE RANCH RD",189.00,E,N,A,-,Y,,,20,,,,,,,Y,1,2,1,1,A,-,08,22107,,N,E,I,A,A,H,-,A,D,0,,,,,Y,,A,07,1,0,0,0,0,0,0,0,0,"- ","- ",39.01776123046875,-122.64378356933594,LAKE,UNINCORPORATED,-122.64382171630859,39.017684936523438
91223147,2020,2020-04-08,9151,2020-03-31,1502,022397,,2,2,9,1700,0,3,5,,2,002,"SPRING VALLEY ROAD","WOLF CREEK ROAD",14.00,N,N,B,-,N,,,,,,,,,,N,2,0,1,1,A,-,08,22107,,M,E,I,A,A,H,-,A,D,0,,,Y,,Y,,C,02,1,0,0,0,0,0,0,0,1,"- ","- ",39.067741394042969,-122.58786010742188,LAKE,UNINCORPORATED,-122.6044921875,39.08233642578125
91227783,2020,2020-04-20,9151,2020-04-09,1542,021255,,4,2,9,1700,0,1,3,,1,023,SR-175,"MATHEWS ROAD",4224.00,W,N,A,-,Y,,,175,,,,,,,Y,2,0,3,2,A,-,08,22107,,N,A,C,A,A,H,-,A,D,0,,,,,Y,,A,01,3,0,0,0,0,0,0,0,0,"- ","- ",38.994331359863281,-122.92666625976562,LAKE,UNINCORPORATED,-122.92667388916016,38.994350433349609
91235993,2020,2020-05-11,9151,2020-05-08,0700,019533,,5,1,9,1700,0,1,3,,1,017,SR-175,SR-29,5280.00,E,N,A,-,Y,,,175,,,,,,,Y,2,0,3,1,A,-,08,22107,,N,F,A,A,A,H,-,A,D,0,,,,,Y,,D,22,1,2,0,0,0,0,0,0,0,"- ","- ",38.9351806640625,-122.78147888183594,LAKE,UNINCORPORATED,-122.78153228759766,38.935161590576172
91248796,2020,2020-07-15,9151,2020-06-04,1704,017904,,4,2,9,1700,0,1,3,,2,018,SR-29,"SPRUCE GROVE RD. (NORTH)",1056.00,N,N,A,-,Y,,,29,,,,,,,Y,2,0,3,3,A,-,03,22350,,N,C,C,A,A,H,-,A,D,0,,,,,Y,Y,A,01,1,0,2,0,0,0,0,0,0,"- ","- ",38.892860412597656,-122.60658264160156,LAKE,UNINCORPORATED,-122.60655975341797,38.892871856689453
91268374,2020,2020-07-14,9151,2020-07-08,1530,021761,,3,2,9,1700,0,3,5,,2,006,"MORGAN VALLEY RD.","OAK HAVEN RD.",229.00,E,N,A,-,N,,,,,,,,,,Y,2,0,1,1,A,-,03,22350,,N,E,I,A,A,H,-,A,D,0,,,Y,,Y,,C,02,1,0,0,0,0,0,0,0,1,"- ","- ",38.89453125,-122.54852294921875,LAKE,UNINCORPORATED,-122.55542755126953,38.897865295410156
91269520,2020,2020-07-16,9151,2020-07-03,2304,022397,,5,3,9,1700,0,1,3,,1,011,SR-20,"HARBOR DRIVE",17.00,E,N,A,-,Y,,,20,,,,,,,Y,2,0,2,3,A,-,01,23152,A,N,C,C,A,A,H,-,C,D,0,,,,,Y,Y,A,01,1,1,0,0,0,0,0,0,0,"- ","- ",39.02642822265625,-122.73265075683594,LAKE,UNINCORPORATED,-122.73265075683594,39.026424407958984
91279564,2020,2020-08-03,9151,2020-07-25,0532,017904,,6,3,9,1700,0,3,5,,2,003,"SCOTTS VALLEY RD.",SR-20,528.00,S,N,A,-,N,,,,,,,,,,Y,2,0,1,1,A,-,08,22107,,F,E,I,A,A,H,-,B,D,0,,,,,Y,,A,07,1,0,0,0,0,0,0,0,0,"- ","- ",39.156848907470703,-122.99237823486328,LAKE,UNINCORPORATED,-122.99262237548828,39.157230377197266
91290764,2020,2020-08-24,9151,2020-08-21,1210,019533,,5,1,9,1700,0,1,3,,1,022,SR-20,"NEW LONG VALLEY RD.",1056.00,E,N,A,-,Y,,,20,,,,,,,Y,2,0,1,1,C,-,18,,,N,E,H,A,A,H,-,A,D,0,,,,,Y,,-,"- ",1,0,0,0,0,0,0,0,0,"- ","- ",39.014850616455078,-122.56581115722656,LAKE,UNINCORPORATED,-122.56577301025391,39.014888763427734
91290767,2020,2020-08-24,9151,2020-08-21,1424,017904,,5,2,9,1700,0,1,3,,1,023,SR-175,"MATTHEWS RD.",10560.00,W,N,A,-,Y,,,175,,,,,,,Y,2,0,1,1,A,-,08,22107,,N,E,I,A,A,H,-,A,D,0,,,,,Y,,A,01,1,0,0,0,0,0,0,0,0,"- ","- ",38.987880706787109,-122.97231292724609,LAKE,UNINCORPORATED,-122.97232818603516,38.987762451171875
91300495,2020,2020-09-08,9151,2020-08-14,1345,021014,,5,1,9,1700,0,1,3,,1,022,SR-20,"WALKER RIDGE ROAD",5808.00,W,N,A,-,Y,,,20,,,,,,,Y,2,0,2,2,A,-,05,21460,A,N,A,C,A,A,H,-,A,D,0,,,,,Y,,A,01,2,0,0,0,0,0,0,0,0,"- ","- ",39.024288177490234,-122.47374725341797,LAKE,UNINCORPORATED,-122.47373962402344,39.024269104003906
91305102,2020,2020-09-15,9151,2020-09-05,1459,022258,,6,2,9,1700,0,3,5,,2,001,"BARTLETT SPRINGS RD","SELKIRK ROAD",550.00,N,N,A,-,N,,,,,,,,,,Y,2,0,3,1,C,-,18,,,N,F,A,A,A,H,-,A,D,0,,,,,Y,,-,"- ",1,0,2,0,0,0,0,0,0,"- ","- ",39.119121551513672,-122.80905151367188,LAKE,UNINCORPORATED,-122.81977081298828,39.115840911865234
91310802,2020,2020-09-24,9151,2020-09-04,0720,017904,,5,1,9,1700,0,1,3,,2,018,SR-29,"GRANGE RD.",102.00,N,N,A,-,Y,,,29,,,,,,,Y,1,1,1,2,A,-,01,23152,A,N,A,C,A,A,H,-,A,D,0,,,,,Y,,A,01,1,0,0,0,0,0,0,0,0,"- ","- ",38.785171508789062,-122.56841278076172,LAKE,UNINCORPORATED,-122.56837463378906,38.78515625
91324758,2020,2020-10-21,9151,2020-10-05,1705,020522,,1,2,9,1700,0,1,3,,1,011,SR-20,"RECLAMATION CUTOFF",1056.00,E,N,A,-,Y,,,20,,,,,,,Y,2,0,3,3,A,-,05,21460,A,N,A,C,A,A,H,-,A,D,0,,,,Y,Y,,D,22,2,0,1,0,0,0,0,0,0,"- ","- ",39.136051177978516,-122.87911987304688,LAKE,UNINCORPORATED,-122.87911987304688,39.136051177978516
91327512,2020,2020-10-20,9151,2020-10-11,0000,022419,,7,3,9,1700,0,1,3,,1,013,"SR-29 N/B","NICE LUCERNE CUTOFF",1584.00,S,N,A,-,Y,,,29,,,,,,N,Y,2,0,2,1,A,-,08,22107,,N,F,A,A,A,H,-,C,D,0,,,,,Y,,D,22,1,1,0,0,0,0,0,0,0,"- ","- ",39.111141204833984,-122.90928649902344,LAKE,UNINCORPORATED,-122.9093017578125,39.111148834228516
91351306,2020,2020-11-23,9151,2020-11-10,1621,019200,,2,2,2,1701,0,1,3,,2,015,SR-29,"MERRITT ROAD",0.00,,Y,A,-,Y,,,,,,,,,,Y,2,0,2,2,A,-,01,23152,A,N,D,C,A,A,H,-,A,A,0,,,,,Y,Y,D,22,1,1,0,0,0,0,0,0,0,"- ","- ",38.982181549072266,-122.85368347167969,LAKE,LAKEPORT,,
91355331,2020,2020-11-30,9151,2020-11-22,1500,020522,,7,2,9,1700,0,1,3,,1,023,"SR-175 (HOPLAND)","LAKE-MENDOCINO CO LINE",1214.00,E,N,A,-,Y,,,175,,,,,,,Y,2,0,1,1,A,-,03,22350,,N,F,A,A,A,H,-,A,D,0,,,Y,,Y,,C,02,1,0,0,0,0,0,0,0,1,"- ","- ",38.988491058349609,-122.98288726806641,LAKE,UNINCORPORATED,-122.98296356201172,38.988483428955078
91368799,2020,2020-12-16,9151,2020-10-15,0630,017141,,4,1,9,1700,0,1,3,,1,016,SR-53,"ORCHARD ST",50.00,S,N,A,-,Y,,,53,,,,,,,N,1,1,0,2,A,-,11,21954,A,F,G,B,D,A,H,-,D,D,0,Y,,,,Y,,N,60,0,0,0,1,0,0,0,0,0,"- ","- ",38.912220001220703,-122.61228179931641,LAKE,UNINCORPORATED,-122.61224365234375,38.912220001220703
91372542,2020,2020-12-21,9151,2020-12-07,1313,019533,,1,1,9,1700,0,1,3,,2,018,SR-29,"CLAYTON CREEK RD.",528.00,N,N,A,-,Y,,,29,,,,,,,Y,2,0,2,2,A,-,21,22106,,N,D,C,A,A,H,-,A,D,0,,,,,Y,,D,22,1,1,0,0,0,0,0,0,0,"- ","- ",38.903209686279297,-122.61224365234375,LAKE,UNINCORPORATED,-122.61223602294922,38.903209686279297
91374907,2020,2020-12-24,9151,2020-12-14,0630,019533,,1,1,9,1700,0,1,3,,1,022,SR-20,"REDBUD TRAILHEAD",3960.00,W,N,A,-,Y,,,20,,,,,,,Y,2,0,1,1,A,-,08,22107,,N,E,I,A,C,H,-,D,D,0,,,,,Y,,A,07,1,0,0,0,0,0,0,0,0,"- ","- ",38.995429992675781,-122.55197906494141,LAKE,UNINCORPORATED,-122.55195617675781,38.995468139648438
91375096,2020,2020-12-24,9151,2020-12-19,0455,022070,,6,3,9,1700,0,1,3,,1,011,SR-20,"RECLAMATION ROAD",450.00,W,N,A,-,Y,,,20,,,,,,,Y,2,0,1,1,A,-,01,23152,A,N,E,I,A,A,H,-,D,D,0,,,,,Y,Y,A,01,1,0,0,0,0,0,0,0,0,"- ","- ",39.139720916748047,-122.88156127929688,LAKE,UNINCORPORATED,-122.88159942626953,39.139694213867188
91378113,2020,2020-12-30,9151,2020-12-20,1300,020354,,7,1,9,1700,0,1,3,,1,028,SR-175,"PARK AVENUE",0.00,,Y,A,-,Y,,,175,,,,,,,Y,2,0,2,2,A,-,01,23152,A,N,A,C,A,A,H,-,A,D,0,,,,,Y,Y,A,07,1,0,1,0,0,0,0,0,0,"- ","- ",38.753978729248047,-122.62187957763672,LAKE,UNINCORPORATED,-122.62187957763672,38.753971099853516
91393692,2021,2021-01-25,9151,2021-01-14,1543,022258,,4,2,9,1700,0,3,5,,2,001,"LAKESHORE BOULEVARD","COLLIER AVE",0.00,,Y,A,-,N,,,,,,,,,,N,2,0,2,2,A,-,01,23152,A,N,C,C,A,A,H,-,A,D,0,,,Y,,Y,Y,C,02,1,1,0,0,0,0,0,0,2,"- ","- ",39.121921539306641,-122.86241149902344,LAKE,UNINCORPORATED,-122.86241149902344,39.121021270751953
91402836,2021,2021-02-04,9151,2021-01-13,1630,020326,,3,2,9,1700,0,1,3,,1,011,SR-20,"BRUNER DR",1056.00,W,N,A,-,Y,,,20,,,,,,,Y,1,1,2,2,A,-,05,21460,A,N,A,C,A,A,H,-,A,D,0,,,,,Y,,A,01,2,0,0,0,0,0,0,0,0,"- ","- ",39.044609069824219,-122.7781982421875,LAKE,UNINCORPORATED,-122.77817535400391,39.044620513916016
91406358,2021,2021-02-10,9151,2021-02-01,1150,019076,,1,1,9,1700,0,1,3,,2,018,SR-29,"MIRABEL RD.",600.00,S,N,B,-,Y,,,29,,,,,,,Y,2,0,1,1,A,-,08,22107,,N,E,I,A,B,H,-,A,D,0,,,,,Y,,A,07,1,0,0,0,0,0,0,0,0,"- ","- ",38.719501495361328,-122.61808013916016,LAKE,UNINCORPORATED,-122.61808776855469,38.719497680664062
91412491,2021,2021-02-22,9151,2021-02-17,1448,020326,,3,2,9,1700,0,1,3,,1,024,SR-29,"POINT LAKEVIEW RD",0.00,,Y,A,-,Y,,,29,,,,,,,Y,2,0,4,3,A,-,09,21802,A,N,D,C,A,A,H,-,A,D,0,,,,,Y,,A,01,1,1,2,0,0,0,0,0,0,"- ","- ",38.910511016845703,-122.64621734619141,LAKE,UNINCORPORATED,-122.64622497558594,38.910411834716797
91430034,2021,2021-03-18,9151,2021-03-11,0550,016093,,4,3,9,1700,0,1,3,,2,018,SR-29,"SPRUCE GROVE ROAD",341.00,S,N,B,-,Y,,,29,,,,,,,Y,2,0,3,2,A,-,05,21460,A,N,A,C,A,A,H,-,D,D,0,,,,,Y,,A,01,3,0,0,0,0,0,0,0,0,"- ","- ",38.819091796875,-122.57594299316406,LAKE,UNINCORPORATED,-122.57588958740234,38.819129943847656
91440389,2021,2021-03-31,9151,2021-03-21,1700,020354,,7,2,9,1700,0,3,5,,2,001,"7TH AVENUE","COUNTRY CLUB DRIVE",126.00,S,N,A,-,N,,,,,,,,,,N,2,0,1,1,A,-,01,23152,A,N,F,A,A,A,H,-,A,D,0,,,Y,,Y,Y,C,02,1,0,0,0,0,0,0,0,1,"- ","- ",39.092369079589844,-122.79412078857422,LAKE,UNINCORPORATED,-122.79415893554688,39.092338562011719
91455072,2021,2021-04-21,9151,2021-04-11,1420,021761,,7,2,9,1700,0,1,3,,1,022,SR-20,"MULE SKINNER RD.",330.00,W,N,A,-,Y,,,20,,,,,,,N,2,0,1,1,A,-,03,22350,,N,E,I,A,A,H,-,A,D,0,,,Y,,Y,,C,02,1,0,0,0,0,0,0,0,1,"- ","- ",39.015209197998047,-122.49031829833984,LAKE,UNINCORPORATED,-122.49034118652344,39.015209197998047
91459476,2021,2021-04-27,9151,2021-03-07,1249,019533,,7,1,9,1700,0,3,5,,2,008,"BUTTS CANYON RD.","NAPA COUNTY LINE",676.00,W,N,A,-,N,,,,,,,,,,Y,1,1,0,1,A,-,03,22350,,N,F,A,A,A,H,-,A,A,0,,,Y,,Y,,C,02,0,0,0,0,0,0,0,1,0,"- ","- ",38.706989288330078,-122.46526336669922,LAKE,UNINCORPORATED,,
91475069,2021,2021-05-27,9151,2021-05-04,2000,020522,,2,2,9,1700,0,1,3,,1,022,SR-20,"MULE SKINNER ROAD",2112.00,E,N,A,-,Y,,,20,,,,,,,Y,2,0,4,2,A,-,01,23152,A,N,A,C,A,A,H,-,B,D,0,,,,,Y,Y,A,07,3,0,1,0,0,0,0,0,0,"- ","- ",39.002571105957031,-122.50057220458984,LAKE,UNINCORPORATED,-122.50057220458984,39.002555847167969
91480313,2021,2021-05-27,9151,2021-05-21,1513,020326,,5,2,9,1700,0,2,4,,2,025,"SODA BAY RD","REEVES LN",528.00,W,N,A,B,N,,,,,,,,,,Y,2,0,3,2,A,-,09,21804,A,N,D,C,A,A,H,-,A,D,0,,,,,Y,,A,01,1,1,1,0,0,0,0,0,0,"- ","- ",39.014919281005859,-122.88214874267578,LAKE,UNINCORPORATED,-122.88211822509766,39.014888763427734
91486521,2021,2021-06-01,9151,2021-05-23,0850,021793,,7,1,9,1700,0,1,3,,2,018,SR-29,"GRANGE ROAD",0.00,,Y,A,-,Y,,,29,,,,,,,Y,2,0,2,2,A,-,09,21802,A,N,D,C,A,A,H,-,A,A,0,,,,,Y,,A,01,1,1,0,0,0,0,0,0,0,"- ","- ",38.784011840820312,-122.56878662109375,LAKE,UNINCORPORATED,-122.56882476806641,38.784023284912109
91499879,2020,2021-06-17,9151,2020-12-17,1752,021793,,4,2,9,1700,0,1,3,,2,018,SR-29,"C STREET",38.00,S,N,A,-,Y,,,29,,,,,,,Y,1,1,0,2,A,-,03,22350,,N,C,C,A,A,H,-,D,D,0,,,,Y,Y,,A,01,0,0,0,0,0,0,0,0,0,"- ","- ",38.880260467529297,-122.61300659179688,LAKE,UNINCORPORATED,-122.61300659179688,38.880245208740234
9151565,2020,2021-01-21,1702,2020-09-05,1336,195,C,6,5,3,1702,0,0,0,,0,,"AUSTIN RD","REDWOOD ST",658.00,E,N,A,-,N,,,,,,,,,,Y,2,0,1,1,A,-,08,22107,,N,E,I,A,A,H,-,A,D,0,,,Y,,Y,,C,02,1,0,0,0,0,0,0,0,1,"- ","- ",38.953731536865234,-122.63059234619141,LAKE,CLEARLAKE,-122.63410186767578,38.958869934082031
91515685,2021,2021-07-16,9151,2021-06-26,0755,021793,,6,1,9,1700,0,2,4,,2,025,"SODA BAY ROAD","MISSION RANCHERIA RD",433.00,E,N,A,-,N,,,,,,,,,,Y,2,0,3,2,A,-,09,21801,A,N,A,C,A,A,H,-,A,D,0,,,,,Y,,D,22,2,0,1,0,0,0,0,0,0,"- ","- ",39.014911651611328,-122.88590240478516,LAKE,UNINCORPORATED,-122.88585662841797,39.014892578125
91521805,2021,2021-07-16,9151,2021-03-13,2305,022397,,6,3,9,1700,0,1,3,,2,018,SR-29,"BAR X ENTRANCE RD",1584.00,N,N,B,-,Y,,,29,,,,,,,Y,1,2,1,2,A,-,01,23152,A,N,A,C,A,A,H,-,D,D,0,,,,,Y,Y,D,22,0,0,1,0,0,0,0,0,0,"- ","- ",38.771511077880859,-122.58558654785156,LAKE,UNINCORPORATED,-122.58558654785156,38.771507263183594
91524549,2021,2021-07-20,9151,2021-07-12,1915,021761,,1,2,9,1700,0,1,3,,1,011,SR-20,"SEVENTH AVE.",90.00,E,N,A,-,Y,,,20,,,,,,,Y,2,0,1,1,A,-,03,22350,,N,E,I,A,A,H,-,A,D,0,,,,,Y,,A,01,1,0,0,0,0,0,0,0,0,"- ","- ",39.091121673583984,-122.79630279541016,LAKE,UNINCORPORATED,-122.79632568359375,39.091087341308594
91531093,2021,2021-07-28,9151,2021-07-20,1310,017141,,2,1,9,1700,0,1,3,,2,015,SR-29,"SR-175 (COBB)",127.00,S,N,A,-,Y,,,29,,,,,,,Y,2,0,1,1,A,-,08,22107,,N,E,I,A,A,D,-,A,D,0,,,,,Y,,A,01,1,0,0,0,0,0,0,0,0,"- ","- ",38.942508697509766,-122.79084014892578,LAKE,UNINCORPORATED,-122.79084777832031,38.942432403564453
91540389,2021,2021-08-09,9151,2021-06-11,1249,021793,,5,1,9,1700,0,1,3,,1,012,SR-20,"ROSEMONT DR",1584.00,E,N,A,-,Y,,,20,,,,,,,Y,1,1,0,2,A,-,08,22107,,N,F,C,A,A,H,-,A,D,0,,,Y,Y,Y,,C,02,0,0,0,0,0,0,0,1,0,"- ","- ",39.063220977783203,-122.78404235839844,LAKE,UNINCORPORATED,-122.78398895263672,39.063262939453125
91555425,2021,2021-08-26,9151,2021-04-03,1620,021761,,6,2,9,1700,0,1,3,,2,018,SR-29,"SPRUCE GROVE RD. (NORTH)",530.00,S,N,A,-,Y,,,29,,,,,,,Y,2,0,3,2,A,-,01,23152,G,N,A,C,A,A,H,-,A,D,0,,,,,Y,Y,A,01,3,0,0,0,0,0,0,0,0,"- ","- ",38.887210845947266,-122.60340881347656,LAKE,UNINCORPORATED,-122.60343170166016,38.887203216552734
9156754,2020,2020-11-09,1702,2020-09-24,1741,235,E,4,5,3,1702,0,0,0,,0,,"19TH AV","IRVING AV",0.00,,Y,A,-,N,,,,,,,,,,N,2,0,1,2,A,-,08,22107,,N,D,C,A,D,A,B,A,A,0,,,Y,,Y,,C,03,1,0,0,0,0,0,0,0,1,"- ","- ",38.936519622802734,-122.61296081542969,LAKE,CLEARLAKE,-122.61309,38.93674
91615007,2021,2021-12-02,9151,2021-08-26,1007,015435,,4,1,9,1700,0,1,3,,2,015,SR-29,"ARGONAUT ROAD",1056.00,N,N,A,-,Y,,,29,,,,,,,Y,1,1,1,2,A,-,05,21650,,N,A,C,A,A,H,-,A,D,0,,,,,Y,,A,01,1,0,0,0,0,0,0,0,0,"- ","- ",38.995861053466797,-122.88334655761719,LAKE,UNINCORPORATED,-122.88336181640625,38.995826721191406