CASE_ID,ACCIDENT_YEAR,PROC_DATE,JURIS,COLLISION_DATE,COLLISION_TIME,OFFICER_ID,REPORTING_DISTRICT,DAY_OF_WEEK,CHP_SHIFT,POPULATION,CNTY_CITY_LOC,SPECIAL_COND,BEAT_TYPE,CHP_BEAT_TYPE,CITY_DIVISION_LAPD,CHP_BEAT_CLASS,BEAT_NUMBER,PRIMARY_RD,SECONDARY_RD,DISTANCE,DIRECTION,INTERSECTION,WEATHER_1,WEATHER_2,STATE_HWY_IND,CALTRANS_COUNTY,CALTRANS_DISTRICT,STATE_ROUTE,ROUTE_SUFFIX,POSTMILE_PREFIX,POSTMILE,LOCATION_TYPE,RAMP_INTERSECTION,SIDE_OF_HWY,TOW_AWAY,COLLISION_SEVERITY,NUMBER_KILLED,NUMBER_INJURED,PARTY_COUNT,PRIMARY_COLL_FACTOR,PCF_CODE_OF_VIOL,PCF_VIOL_CATEGORY,PCF_VIOLATION,PCF_VIOL_SUBSECTION,HIT_AND_RUN,TYPE_OF_COLLISION,MVIW,PED_ACTION,ROAD_SURFACE,ROAD_COND_1,ROAD_COND_2,LIGHTING,CONTROL_DEVICE,CHP_ROAD_TYPE,PEDESTRIAN_ACCIDENT,BICYCLE_ACCIDENT,MOTORCYCLE_ACCIDENT,TRUCK_ACCIDENT,NOT_PRIVATE_PROPERTY,ALCOHOL_INVOLVED,STWD_VEHTYPE_AT_FAULT,CHP_VEHTYPE_AT_FAULT,COUNT_SEVERE_INJ,COUNT_VISIBLE_INJ,COUNT_COMPLAINT_PAIN,COUNT_PED_KILLED,COUNT_PED_INJURED,COUNT_BICYCLIST_KILLED,COUNT_BICYCLIST_INJURED,COUNT_MC_KILLED,COUNT_MC_INJURED,PRIMARY_RAMP,SECONDARY_RAMP,LATITUDE,LONGITUDE,COUNTY,CITY,POINT_X,POINT_Y
91624369,2021,2022-03-03,9151,2021-07-31,0837,016093,,6,1,9,1700,0,1,3,,2,018,SR-29,"MIRABEL ROAD",654.00,S,N,A,-,Y,,,29,,,,,,,Y,1,1,1,2,A,-,08,22107,,N,D,C,A,A,H,-,A,D,0,,,,Y,Y,,F,26,0,1,0,0,0,0,0,0,0,"- ","- ",38.710590362548828,-122.61150360107422,LAKE,UNINCORPORATED,-122.61139678955078,38.710716247558594
91638710,2021,2021-11-30,9151,2021-07-10,2500,020955,,6,4,9,1700,0,3,5,,2,006,"MORGAN VALLEY ROAD","ROCKY CREEK RD",4224.00,E,N,A,-,N,,,,,,,,,,Y,1,1,0,1,A,-,01,23152,G,N,E,I,A,A,H,-,A,D,0,,,,,Y,Y,A,01,0,0,0,0,0,0,0,0,0,"- ","- ",38.885711669921875,-122.46257019042969,LAKE,UNINCORPORATED,-122.46171569824219,38.885654449462891
91649026,2021,2021-12-10,9151,2021-12-04,1420,019200,,6,2,9,1700,0,3,5,,2,003,"SOUTH MAIN STREET","SR-175 HOPLAND EXT",1603.00,N,N,A,-,N,,,,,,,,,,Y,2,0,1,3,A,-,01,23152,G,N,C,C,A,A,H,-,A,D,0,,,,,Y,Y,A,01,1,0,0,0,0,0,0,0,0,"- ","- ",39.021499633789062,-122.91397857666016,LAKE,UNINCORPORATED,,
91650281,2021,2021-12-13,9151,2021-12-04,0240,022070,,6,3,9,1700,0,1,3,,1,011,SR-20,SR-29,50.00,E,N,A,-,Y,,,20,,,,,,,Y,2,0,1,1,A,-,01,23152,A,N,E,8,A,A,H,-,C,D,0,,,,,Y,Y,A,01,1,0,0,0,0,0,0,0,0,"- ","- ",39.163558959960938,-122.9202880859375,LAKE,UNINCORPORATED,-122.9202880859375,39.163494110107422
91671249,2021,2022-01-05,9151,2021-12-30,2110,020326,,4,2,9,1700,0,1,3,,1,017,SR-175,"OLD LOWER LAKE ROAD",4752.00,E,N,A,-,Y,,,175,,,,,,,Y,2,0,1,1,A,-,01,23152,A,N,E,I,A,A,H,-,D,D,0,,,,,Y,Y,D,22,1,0,0,0,0,0,0,0,0,"- ","- ",38.927970886230469,-122.78160095214844,LAKE,UNINCORPORATED,-122.78163146972656,38.927982330322266
91692967,2022,2022-02-03,9151,2022-01-25,2300,022070,,2,3,9,1700,0,3,5,,2,007,"HIGHLAND SPRINGS ROAD","MATTHEWS ROAD",50.00,E,N,A,-,N,,,,,,,,,,N,2,0,1,1,A,-,01,23152,A,N,E,I,A,A,H,-,D,D,0,,,,,Y,Y,A,07,1,0,0,0,0,0,0,0,0,"- ","- ",38.997520446777344,-122.89405822753906,LAKE,UNINCORPORATED,-122.89402770996094,38.997398376464844
91753779,2022,2022-04-21,9151,2022-04-15,1315,021761,,5,1,9,1700,0,1,3,,1,011,SR-20,"BARTLETT SPRINGS ROAD",17.00,W,N,B,-,Y,LAK,,20,,,15.281,H,,R,Y,2,0,3,2,A,-,03,22350,,N,C,C,A,A,H,-,A,D,0,,,,,Y,,A,01,2,0,1,0,0,0,0,0,0,"- ","- ",39.112388610839844,-122.82029724121094,LAKE,UNINCORPORATED,-122.82028961181641,39.112396240234375
91771664,2022,2022-05-17,9151,2022-05-05,1043,017904,,4,1,9,1700,0,3,5,,2,008,"SEIGLER CANYON RD.","BIG CANYON RD.",4752.00,N,N,A,-,N,,,,,,,,,,Y,2,0,1,2,A,-,05,21460,A,N,B,C,A,A,H,-,A,D,0,,,Y,,Y,,C,02,1,0,0,0,0,0,0,0,1,"- ","- ",38.883609771728516,-122.66789245605469,LAKE,UNINCORPORATED,-122.6666259765625,38.883617401123047
91786943,2022,2022-06-02,9151,2022-05-22,0430,019076,,7,3,9,1700,0,3,5,,2,001,"ELK MOUNTAIN ROAD","18 N 42",2640.00,S,N,A,-,N,,,,,,,,,,Y,2,0,1,1,A,-,08,22107,,N,F,A,A,A,H,-,D,D,0,,,,,Y,,D,22,1,0,0,0,0,0,0,0,0,"- ","- ",39.373111724853516,-122.99163818359375,LAKE,UNINCORPORATED,,
91786966,2022,2022-06-02,9151,2022-05-22,0600,019076,,7,1,9,1700,0,3,5,,2,001,"COUNTRY CLUB DR","OGDEN RD",78.00,N,N,A,-,N,,,,,,,,,,N,2,0,1,1,A,-,08,22107,,N,E,I,A,A,H,-,B,D,0,,Y,,,Y,,L,04,1,0,0,0,0,0,1,0,0,"- ","- ",39.084388732910156,-122.78912353515625,LAKE,UNINCORPORATED,-122.78910827636719,39.084495544433594
91835639,2022,2022-08-08,9151,2022-08-01,1230,022881,,1,1,9,1700,0,1,3,,1,011,SR-20,"COUNTRY CLUB DR",30.00,E,N,B,C,Y,LAK,,20,,,17.954,H,,R,Y,2,0,3,2,A,-,03,22350,,N,A,C,A,B,H,-,A,D,0,,,,,Y,,A,07,1,2,0,0,0,0,0,0,0,"- ","- ",39.082561492919922,-122.78975677490234,LAKE,UNINCORPORATED,-122.78987121582031,39.082443237304688
91843764,2022,2022-09-22,9151,2022-08-08,0954,022881,,1,1,9,1700,0,1,3,,1,011,SR-20,"LAKESHORE BLVD",0.00,,Y,A,-,Y,LAK,,20,,,18.322,H,,R,N,2,0,1,2,A,-,03,22350,,F,C,C,A,A,H,-,A,D,0,,,Y,,Y,,A,01,1,0,0,0,0,0,0,0,1,"- ","- ",39.078701019287109,-122.78562164306641,LAKE,UNINCORPORATED,-122.78565979003906,39.078655242919922
91851893,2021,2022-08-29,9151,2021-12-11,0610,021761,,6,1,9,1700,0,1,3,,1,022,SR-20,"LANCE RD.",3168.00,E,N,A,-,Y,,,20,,,,,,,Y,1,1,0,1,A,-,03,22350,,N,F,0,A,A,H,-,B,D,0,,,,Y,Y,,G,25,0,0,0,0,0,0,0,0,0,"- ","- ",39.001651763916016,-122.49781799316406,LAKE,UNINCORPORATED,-122.49784851074219,39.001590728759766
91856469,2022,2022-09-02,9151,2022-08-26,1900,021255,,5,2,9,1700,0,1,3,,2,015,SR-29,"LIVE OAK DRIVE",0.00,,Y,A,-,Y,LAK,,29,,R,34.739,H,,R,Y,2,0,4,2,A,-,12,21453,A,N,A,C,A,A,H,-,A,A,0,,,,,Y,,D,22,1,3,0,0,0,0,0,0,0,"- ","- ",38.972328186035156,-122.83286285400391,LAKE,UNINCORPORATED,-122.83282470703125,38.972393035888672
91862366,2022,2022-09-12,9151,2022-09-01,1800,022544,,4,2,9,1700,0,3,5,,2,008,"BUTTS CANYON RD","GUENOC RD",3696.00,W,N,A,-,N,,,,,,,,,,Y,2,0,1,1,A,-,01,23152,A,N,E,I,A,A,H,-,A,A,0,,,,,Y,Y,A,01,1,0,0,0,0,0,0,0,0,"- ","- ",38.732368469238281,-122.53914642333984,LAKE,UNINCORPORATED,,
91865762,2022,2022-09-15,9151,2022-07-30,1944,020354,,6,2,9,1700,0,1,3,,2,018,SR-29,"CLAYTON CREEK ROAD",1584.00,S,N,A,-,Y,LAK,,29,,,19.365,H,,R,N,2,0,1,1,A,-,08,22107,,N,F,A,A,A,H,-,B,D,0,,,Y,,Y,,C,02,1,0,0,0,0,0,0,0,1,"- ","- ",38.897140502929688,-122.60872650146484,LAKE,UNINCORPORATED,-122.60894012451172,38.897068023681641
91871343,2022,2022-09-22,9151,2022-09-09,2229,022744,,5,3,9,1700,0,1,3,,1,011,SR-20,"GOVERNMENT STREET",380.00,E,N,A,-,Y,LAK,,20,,,9.276,H,,R,N,2,0,2,2,A,-,09,21804,A,F,B,C,A,A,H,-,C,A,0,,,Y,,Y,,C,02,1,1,0,0,0,0,0,0,2,"- ","- ",39.161640167236328,-122.90358734130859,LAKE,UNINCORPORATED,-122.90359497070312,39.161575317382812
91875522,2022,2022-09-28,9151,2022-09-18,0310,022593,,7,3,9,1700,0,1,3,,1,022,SR-20,"OLD LONG VALLEY ROAD",2640.00,W,N,B,C,Y,LAK,,20,,,32.350,H,,R,Y,2,0,1,1,A,-,03,22350,,N,F,A,A,B,H,-,D,D,0,,,,,Y,,A,01,1,0,0,0,0,0,0,0,0,"- ","- ",39.013568878173828,-122.60304260253906,LAKE,UNINCORPORATED,-122.60307312011719,39.013595581054688
91879286,2022,2022-09-30,9151,2022-05-29,0050,021255,,7,3,9,1700,0,3,5,,2,003,"WESTLAKE ROAD","NICE-LUCERNE CUTOFF",115.00,N,N,B,-,N,,,,,,,,,,Y,1,1,1,1,A,-,01,23152,A,N,E,I,A,A,H,-,C,D,0,,,,,Y,Y,A,07,1,0,0,0,0,0,0,0,0,"- ","- ",39.117870330810547,-122.90238189697266,LAKE,UNINCORPORATED,-122.90254974365234,39.117835998535156
91919618,2022,2022-11-16,9151,2022-11-14,1240,020522,,1,1,9,1700,0,1,3,,1,011,SR-20,"10TH AVE",30.00,W,N,A,-,Y,LAK,,20,,,17.371,H,,R,Y,2,0,1,2,A,-,09,21801,A,N,D,C,A,A,H,-,A,D,0,,,,,Y,,A,01,1,0,0,0,0,0,0,0,0,"- ","- ",39.089618682861328,-122.79537200927734,LAKE,UNINCORPORATED,-122.79544067382812,39.089576721191406
91928250,2022,2022-11-28,9151,2022-11-11,1355,022881,,5,1,9,1700,0,1,3,,1,011,SR-20,"ROSEMONT DR",528.00,E,N,A,-,Y,LAK,,20,,,19.249,H,,R,Y,2,0,1,1,A,-,08,22107,,N,E,I,A,A,H,-,A,D,0,,,,,Y,,A,01,1,0,0,0,0,0,0,0,0,"- ","- ",39.066341400146484,-122.78407287597656,LAKE,UNINCORPORATED,-122.78399658203125,39.066307067871094
91940290,2022,2022-12-12,9151,2022-12-04,0425,022744,,7,3,9,1700,0,3,5,,2,002,"NEW LONG VALLEY ROAD","POMO TRAIL",1850.00,S,N,B,C,N,,,,,,,,,,N,2,0,3,1,A,-,01,23152,A,N,E,I,A,B,H,-,D,D,0,,,,,Y,Y,D,22,2,1,0,0,0,0,0,0,0,"- ","- ",39.044551849365234,-122.57723999023438,LAKE,UNINCORPORATED,-122.57725524902344,39.044647216796875
91946915,2022,2022-12-20,9151,2022-12-12,0630,019076,,1,1,9,1700,0,1,3,,1,024,SR-29,"DIENER DR",2004.00,N,N,A,-,Y,LAK,,29,,,24.095,H,,R,Y,2,0,5,2,A,-,03,22350,,N,A,C,A,C,H,-,B,D,0,,,,,Y,,D,22,1,2,2,0,0,0,0,0,0,"- ","- ",38.909000396728516,-122.6773681640625,LAKE,UNINCORPORATED,-122.67735290527344,38.909019470214844
91947248,2022,2022-12-20,9151,2022-12-12,1715,020955,,1,2,9,1700,0,1,3,,1,024,SR-29,"DIENER DR",7392.00,N,N,A,-,Y,LAK,,29,,,25.217,H,,R,Y,2,0,1,2,A,-,03,22350,,N,C,C,A,B,H,-,B,D,0,,,,,Y,,A,01,1,0,0,0,0,0,0,0,0,"- ","- ",38.916110992431641,-122.69418334960938,LAKE,UNINCORPORATED,-122.69417572021484,38.916122436523438
92005581,2023,2023-02-28,9151,2023-02-23,1530,020326,,4,2,9,1700,0,1,3,,1,022,SR-20,"NEW LONG VALLEY ROAD",20592.00,E,N,B,-,Y,LAK,,20," "," ",38.117,H,,R,Y,2,0,1,2,A,-,01,23152,A,N,A,C,A,A,H,-,A,D,0,,,,Y,Y,Y,A,07,1,0,0,0,0,0,0,0,0,"- ","- ",38.995231628417969,-122.52207946777344,LAKE,UNINCORPORATED,-122.52204895019531,38.995216369628906
92011896,2023,2023-03-07,9151,2023-03-02,1840,022744,,4,2,9,1700,0,1,3,,1,016,SR-29,"ANDERSON RANCH PKY",0.00,,Y,A,-,Y,,,,,,,,,,Y,2,0,1,1,A,-,01,23152,A,N,E,I,A,A,H,-,C,D,0,,,,,Y,Y,A,01,1,0,0,0,0,0,0,0,0,"- ","- ",38.918170928955078,-122.61351013183594,LAKE,UNINCORPORATED,,
92057021,2022,2023-06-22,9151,2022-08-18,1642,020326,,4,2,9,1700,0,1,3,,1,011,SR-20,"HICKS TRAIL",206.00,W,N,A,-,Y,LAK,,20,,,7.301,H,,R,Y,1,1,3,3,A,-,08,22107,,N,A,C,A,A,H,-,A,D,0,,,,Y,Y,,D,22,2,1,0,0,0,0,0,0,0,"- ","- ",39.171409606933594,-122.93702697753906,LAKE,UNINCORPORATED,-122.93705749511719,39.171379089355469
92076759,2023,2023-05-24,9151,2023-05-10,1212,019181,,3,1,9,1700,0,1,3,,1,024,SR-29,SR-281,1056.00,S,N,A,-,Y,LAK,,29," "," ",27.299,H,,R,Y,2,0,1,2,A,-,06,21750,A,N,F,0,A,A,H,-,A,D,0,,,,Y,Y,,A,07,1,0,0,0,0,0,0,0,0,"- ","- ",38.927738189697266,-122.73088073730469,LAKE,UNINCORPORATED,-122.73085021972656,38.927848815917969
92089251,2022,2023-06-08,9151,2022-11-05,2335,022593,,6,3,9,1700,0,1,3,,1,016,SR-53,SR-20,2640.00,S,N,B,-,Y,LAK,,53,,,6.970,H,,R,Y,1,1,0,1,A,-,01,23152,A,N,E,I,A,A,H,-,D,D,0,,,,,Y,Y,A,07,0,0,0,0,0,0,0,0,0,"- ","- ",39.005168914794922,-122.6068115234375,LAKE,UNINCORPORATED,-122.60676574707031,39.005207061767578
9211591,2020,2021-11-24,1702,2020-12-05,1350,212,6A,6,5,3,1702,0,0,0,,0,,"RT 53","POST MARKER",214.00,N,N,A,-,Y,LAK,1,53,-,-,4.380,H,-,N,Y,1,1,0,1,A,-,08,22107,,N,E,I,A,A,H,-,A,D,0,,,,,Y,,A,01,0,0,0,0,0,0,0,0,0,"- ","- ",38.964111328125,-122.61892700195312,LAKE,CLEARLAKE,-122.61406707763672,38.969085693359375
92119891,2023,2023-07-18,9151,2023-07-09,1422,022957,,7,2,9,1700,0,3,5,,2,004,"SULPHUR BANK DRIVE","NORTH DRIVE",81.00,N,N,A,-,N,,,,,,,,,,Y,2,0,2,1,A,-,08,22107,,N,F,0,A,A,H,-,A,D,0,,,,,Y,,A,01,1,1,0,0,0,0,0,0,0,"- ","- ",38.994998931884766,-122.68022918701172,LAKE,UNINCORPORATED,-122.68048095703125,38.994884490966797
92132429,2023,2023-07-31,9151,2023-07-23,"715 ",021255,,7,1,9,1700,0,3,5,,2,001,"SIMMONS ROAD","ELK MOUNTAIN ROAD",3168.00,N,N,A,-,N,,,,,,,,,,N,2,0,2,1,A,-,08,22107,,N,E,I,A,A,H,-,A,D,0,,,,,Y,,D,22,1,1,0,0,0,0,0,0,0,"- ","- ",39.428409576416016,-122.97728729248047,LAKE,UNINCORPORATED,-122.97719573974609,39.428302764892578
92141167,2023,2023-08-10,9151,2023-08-02,1520,023308,,3,2,9,1700,0,1,3,,1,011,SR-20,"FOOTHILL DR",1056.00,W,N,A,-,Y,LAK,,20," "," ",16.332,H,,R,Y,2,0,1,1,C,-,18,,,N,E,8,A,A,H,-,A,D,0,,,,,Y,,-,"- ",1,0,0,0,0,0,0,0,0,"- ","- ",39.10150146484375,-122.80731201171875,LAKE,UNINCORPORATED,-122.80728912353516,39.101512908935547
92175474,2023,2023-09-21,9151,2023-09-11,1820,020955,,1,2,9,1700,0,1,3,,1,024,SR-29,"SIEGLER CANYON ROAD",0.00,,Y,A,-,Y,LAK,,29," "," ",21.651,H,,R,Y,2,0,5,2,A,-,09,21801,A,N,D,C,A,A,H,-,A,D,0,,,,,Y,,A,01,1,2,2,0,0,0,0,0,0,"- ","- ",38.910388946533203,-122.6368408203125,LAKE,UNINCORPORATED,-122.63683319091797,38.910442352294922
92193340,2023,2023-10-06,9151,2023-09-23,1150,022727,,6,1,9,1700,0,1,3,,1,011,SR-20,"BLUE LAKES ROAD",15.00,E,N,A,-,Y,LAK,,20," "," ",0.764,H,,R,N,2,0,1,2,A,-,05,21460,A,N,B,C,A,A,H,-,A,D,0,,,Y,,Y,,C,02,1,0,0,0,0,0,0,0,1,"- ","- ",39.186531066894531,-123.02934265136719,LAKE,UNINCORPORATED,-123.02931976318359,39.186561584472656
92238889,2023,2023-11-17,9151,2023-11-08,2059,022957,,3,2,9,1700,0,1,3,,1,011,SR-20,"BLUE LAKES ROAD",2640.00,E,N,A,-,Y,LAK,,20," "," ",1.273,H,,R,Y,2,0,3,1,A,-,01,23152,A,N,E,8,A,A,H,-,D,D,0,,,,,Y,Y,A,07,1,1,1,0,0,0,0,0,0,"- ","- ",39.182621002197266,-123.02131652832031,LAKE,UNINCORPORATED,-123.02134704589844,39.182598114013672
92268377,2023,2023-12-21,9151,2023-12-15,1045,019181,,5,1,9,1700,0,1,3,,1,011,SR-20,"HOWARD AVENUE",10.00,W,N,B,-,Y,LAK,,20," "," ",13.836,H,,R,N,2,0,1,2,A,-,08,22107,,N,A,G,A,A,H,-,A,D,0,,Y,,,Y,,A,01,1,0,0,0,0,0,1,0,0,"- ","- ",39.122890472412109,-122.84324645996094,LAKE,UNINCORPORATED,-122.84329223632812,39.122779846191406
92277190,2023,2024-01-02,9151,2023-08-25,1205,022544,,5,1,9,1700,0,1,3,,1,024,SR-29,"DNA RIDGE ROCK QUARRY",1540.00,S,N,A,-,Y,LAK,,29," "," ",24.823,H,,R,Y,1,1,0,2,A,-,05,21460,A,N,A,C,A,A,H,-,A,D,0,,,,Y,Y,,D,22,0,0,0,0,0,0,0,0,0,"- ","- ",38.914089202880859,-122.68781280517578,LAKE,UNINCORPORATED,-122.68779754638672,38.914115905761719
92280290,2023,2024-01-05,9151,2023-12-22,1405,023435,,5,2,9,1700,0,1,3,,1,023,"SR-175 (HOPLAND)","MATHEWS ROAD",4805.00,W,N,A,-,Y,LAK,,175," "," ",5.905,H,,R,Y,2,0,2,2,A,-,03,22350,,N,F,0,A,A,B,-,A,D,0,,,Y,,Y,,-,"- ",1,1,0,0,0,0,0,0,2,"- ","- ",38.993270874023438,-122.92790985107422,LAKE,UNINCORPORATED,-122.92790222167969,38.993247985839844
92287661,2024,2024-01-16,9151,2024-01-02,1415,023435,,2,2,9,1700,0,1,3,,1,011,SR-20,"OGDEN ROAD",94.00,E,N,C,-,Y,LAK,,20," "," ",18.045,H,,R,Y,2,0,1,2,A,-,01,23152,A,N,B,2,A,B,H,-,A,D,0,,,,,Y,Y,D,22,1,0,0,0,0,0,0,0,0,"- ","- ",39.081348419189453,-122.78883361816406,LAKE,UNINCORPORATED,-122.78892517089844,39.081333160400391
92293587,2023,2024-01-22,9151,2023-07-01,"713 ",020354,,6,1,9,1700,0,3,5,,2,003,"SCOTTS CREEK ROAD","PANTHER RIDGE ROAD",2640.00,W,N,A,-,N,,,,,,,,,,Y,1,1,1,1,B,-,22,,,N,F,A,A,A,H,-,A,D,0,,,,,Y,,A,07,0,1,0,0,0,0,0,0,0,"- ","- ",39.058151245117188,-123.06221008300781,LAKE,UNINCORPORATED,-123.06375122070312,39.058147430419922
92342218,2023,2024-03-19,9151,2023-12-26,2049,019200,,2,2,9,1700,0,1,3,,1,011,SR-20,"BACHELOR VALLEY RD",3932.00,W,N,B,-,Y,LAK,,20," "," ",6.280,H,,R,Y,1,2,0,2,A,-,01,23152,F,N,A,C,A,A,H,-,D,D,0,,,,,Y,Y,A,07,0,0,0,0,0,0,0,0,0,"- ","- ",39.173728942871094,-122.95478820800781,LAKE,UNINCORPORATED,-122.95478820800781,39.173728942871094
92377233,2024,2024-04-29,9151,2024-04-15,1830,022727,,1,2,9,1700,0,3,5,,2,001,"COUNTRY CLUB DR","11TH AVE",0.00,,Y,A,-,N,,,,,,,,,,N,2,0,1,2,A,-,03,22350,,M,B,C,A,A,H,-,A,A,0,,,Y,,Y,,C,02,1,0,0,0,0,0,0,0,1,"- ","- ",39.090248107910156,-122.79142761230469,LAKE,UNINCORPORATED,-122.79145050048828,39.090312957763672
92378333,2024,2024-04-30,9151,2024-04-18,1827,023557,,4,2,9,1700,0,2,4,,2,043,"NICE-LUCERNE CUTOFF","LAKESHORE BLVD",860.00,E,N,A,-,N,,,,,,,,,,Y,2,0,1,2,A,-,05,21460,,N,D,C,A,A,H,-,A,D,0,,,Y,,Y,,A,01,1,0,0,0,0,0,0,0,1,"- ","- ",39.116260528564453,-122.90010833740234,LAKE,UNINCORPORATED,-122.90032196044922,39.116268157958984
92382631,2024,2024-05-06,9151,2024-04-24,1956,023648,,3,2,9,1700,0,3,5,,2,008,"SPRUCE GROVE RD","MPM 0.57",50.00,E,N,A,-,N,,,,,,,,,,N,2,0,1,1,A,-,03,22350,,N,F,I,A,A,H,-,D,D,0,,,Y,,Y,,C,02,1,0,0,0,0,0,0,0,1,"- ","- ",38.888259887695312,-122.59282684326172,LAKE,UNINCORPORATED,,
92385878,2024,2024-05-09,9151,2024-03-18,"216 ",023308,,1,3,9,1700,0,3,5,,2,001,"LAKEVIEW DRIVE","HIGH STREET",53.30,N,N,A,-,N,,,,,,,,,,Y,2,0,1,1,A,-,03,22350,,F,E,J,A,A,H,-,D,D,0,,,,,Y,Y,-,"- ",1,0,0,0,0,0,0,0,0,"- ","- ",39.131271362304688,-122.85227966308594,LAKE,UNINCORPORATED,-122.85255432128906,39.131378173828125
92405269,2024,2024-06-04,9151,2024-05-19,1118,023796,,7,1,9,1700,0,3,5,,2,001,"BARLETT SPRINGS ROAD","SR- 20",21120.00,N,N,A,-,N,,,,,,,,,,Y,2,0,1,2,A,-,03,22350,,F,A,C,A,A,A,E,A,D,0,,,Y,,Y,Y,D,22,1,0,0,0,0,0,0,0,1,"- ","- ",39.117790222167969,-122.80091094970703,LAKE,UNINCORPORATED,-122.80361938476562,39.126049041748047
92405938,2024,2024-06-04,9151,2024-05-23,1930,020955,,4,2,9,1700,0,3,5,,2,008,"BOTTLE ROCK ROAD","SPRING HILL ROAD",5.00,N,N,A,-,N,,,,,,,,,,Y,2,0,1,1,A,-,01,23152,A,N,F,8,A,A,H,-,B,D,0,,,,,Y,Y,A,01,1,0,0,0,0,0,0,0,0,"- ","- ",38.836849212646484,-122.74624633789062,LAKE,UNINCORPORATED,-122.74614715576172,38.836811065673828
92424096,2024,2024-06-26,9151,2024-06-20,1118,019181,,4,1,9,1700,0,1,3,,1,011,SR-20,"WITTER SPRINGS RD",1584.00,E,N,A,-,Y,LAK,,20," "," ",5.909,H,,R,Y,2,0,1,1,A,-,08,22107,,N,E,B,A,A,H,-,A,D,0,,,,,Y,,A,01,1,0,0,0,0,0,0,0,0,"- ","- ",39.169410705566406,-122.95876312255859,LAKE,UNINCORPORATED,-122.9588623046875,39.169467926025391
92424146,2024,2024-06-26,9151,2024-02-13,"633 ",022957,,2,1,9,1700,0,1,3,,1,024,SR-29,"SEIGLER CANYON ROAD",201.00,N,N,A,-,Y,LAK,,29," "," ",21.700,H,,R,N,1,1,0,2,A,-,11,21954,A,N,G,B,D,A,H,-,B,D,0,Y,,,Y,Y,,N,60,0,0,0,1,0,0,0,0,0,"- ","- ",38.910388946533203,-122.63771057128906,LAKE,UNINCORPORATED,-122.63771057128906,38.910385131835938
92425002,2024,2024-06-27,9151,2024-06-16,1920,023851,,7,2,9,1700,0,1,3,,2,018,"SPRUCE GROVE ROAD","RED MOUNTAIN ROAD",620.00,N,N,A,-,N,,,,,,,,,,Y,2,0,1,1,A,-,01,23152,A,N,E,I,A,A,H,-,A,D,0,,,,,Y,Y,D,22,1,0,0,0,0,0,0,0,0,"- ","- ",38.82794189453125,-122.54335784912109,LAKE,UNINCORPORATED,-122.54331970214844,38.827781677246094
92428370,2024,2024-07-02,9151,2024-06-24,"950 ",019181,,1,1,9,1700,0,1,3,,1,011,SR-20,"BRIDGE ARBOR NORTH",20.00,E,N,A,-,Y,LAK,,20," "," ",8.876,H,,R,Y,2,0,1,1,A,-,08,22107,,N,E,I,A,A,H,-,A,D,0,,,,,Y,,A,01,1,0,0,0,0,0,0,0,0,"- ","- ",39.162189483642578,-122.91130065917969,LAKE,UNINCORPORATED,-122.91130065917969,39.162204742431641
9263995,2021,2022-05-16,1702,2021-04-12,1821,217,E,1,5,3,1702,0,0,0,,0,,"DAM RD EXIT","DAM RD",0.00,,Y,A,-,N,,,,,,,,,,Y,2,0,3,1,A,-,03,22350,A,N,F,J,A,A,H,-,A,A,0,,,,,Y,,A,07,3,0,0,0,0,0,0,0,0,"- ","- ",38.930259704589844,-122.61782073974609,LAKE,CLEARLAKE,-122.61782836914062,38.930255889892578
9277922,2021,2022-01-07,1702,2021-06-01,1650,201,,2,5,3,1702,0,0,0,,0,,"OLYMPIC DR","SYCAMORE ST",0.00,,Y,A,-,N,,,,,,,,,,N,2,0,2,2,A,-,08,22107,,N,B,C,A,A,H,-,A,D,0,,,Y,,Y,,C,02,2,0,0,0,0,0,0,0,2,"- ","- ",38.957969665527344,-122.61792755126953,LAKE,CLEARLAKE,-122.63719177246094,38.961845397949219
9294871,2021,2021-12-20,1702,2021-08-03,1337,201,B,2,5,3,1702,0,0,0,,0,,"OLYMPIC DR","JACKSON ST",0.00,,Y,A,-,N,,,,,,,,,,Y,2,0,1,2,A,-,11,21954,A,N,G,B,E,A,H,-,A,D,0,Y,,,,Y,,-,,1,0,0,0,1,0,0,0,0,"- ","- ",38.964828491210938,-122.6409912109375,LAKE,CLEARLAKE,-122.62784576416016,38.961811065673828