CASE_ID,ACCIDENT_YEAR,PROC_DATE,JURIS,COLLISION_DATE,COLLISION_TIME,OFFICER_ID,REPORTING_DISTRICT,DAY_OF_WEEK,CHP_SHIFT,POPULATION,CNTY_CITY_LOC,SPECIAL_COND,BEAT_TYPE,CHP_BEAT_TYPE,CITY_DIVISION_LAPD,CHP_BEAT_CLASS,BEAT_NUMBER,PRIMARY_RD,SECONDARY_RD,DISTANCE,DIRECTION,INTERSECTION,WEATHER_1,WEATHER_2,STATE_HWY_IND,CALTRANS_COUNTY,CALTRANS_DISTRICT,STATE_ROUTE,ROUTE_SUFFIX,POSTMILE_PREFIX,POSTMILE,LOCATION_TYPE,RAMP_INTERSECTION,SIDE_OF_HWY,TOW_AWAY,COLLISION_SEVERITY,NUMBER_KILLED,NUMBER_INJURED,PARTY_COUNT,PRIMARY_COLL_FACTOR,PCF_CODE_OF_VIOL,PCF_VIOL_CATEGORY,PCF_VIOLATION,PCF_VIOL_SUBSECTION,HIT_AND_RUN,TYPE_OF_COLLISION,MVIW,PED_ACTION,ROAD_SURFACE,ROAD_COND_1,ROAD_COND_2,LIGHTING,CONTROL_DEVICE,CHP_ROAD_TYPE,PEDESTRIAN_ACCIDENT,BICYCLE_ACCIDENT,MOTORCYCLE_ACCIDENT,TRUCK_ACCIDENT,NOT_PRIVATE_PROPERTY,ALCOHOL_INVOLVED,STWD_VEHTYPE_AT_FAULT,CHP_VEHTYPE_AT_FAULT,COUNT_SEVERE_INJ,COUNT_VISIBLE_INJ,COUNT_COMPLAINT_PAIN,COUNT_PED_KILLED,COUNT_PED_INJURED,COUNT_BICYCLIST_KILLED,COUNT_BICYCLIST_INJURED,COUNT_MC_KILLED,COUNT_MC_INJURED,PRIMARY_RAMP,SECONDARY_RAMP,LATITUDE,LONGITUDE,COUNTY,CITY,POINT_X,POINT_Y
9295422,2021,2021-07-28,1702,2021-06-13,2028,217,B,7,5,3,1702,0,0,0,,0,,"OLYMPIC DR","OLD HWY 53",0.00,,Y,A,-,N,,,,,,,,,,N,2,0,1,2,A,-,12,21453,A,N,D,C,A,A,H,-,A,A,0,,,Y,,Y,,A,01,1,0,0,0,0,0,0,0,1,"- ","- ",38.957710266113281,-122.63050842285156,LAKE,CLEARLAKE,-122.61892700195312,38.964088439941406
9300501,2021,2021-08-12,1702,2021-06-17,2003,195,C,4,5,3,1702,0,0,0,,0,,"OLD HWY 53","40TH AV",135.00,N,N,A,-,N,,,,,,,,,,Y,2,0,1,3,A,-,01,23152,A,M,A,J,A,A,H,-,A,D,0,,,,,Y,Y,A,01,1,0,0,0,0,0,0,0,0,"- ","- ",38.951229095458984,-122.63169860839844,LAKE,CLEARLAKE,-122.62309265136719,38.951080322265625
9301818,2021,2021-09-27,1702,2021-09-01,2044,196,6A,3,5,3,1702,0,0,0,,0,,"RT 53","DAM RD",0.00,,Y,A,-,Y,LAK,1,53,-,-,1.470,I,5,S,Y,1,1,0,2,A,-,11,21950,B,N,G,B,B,A,H,-,D,A,0,Y,,,,Y,,N,60,0,0,0,1,0,0,0,0,0,"- ","- ",38.930019378662109,-122.61887359619141,LAKE,CLEARLAKE,-122.61904144287109,38.929981231689453
9320214,2021,2021-12-21,1702,2021-11-21,2201,240,,7,5,3,1702,0,0,0,,0,,"DAM RD","18TH AV",0.00,,Y,A,-,N,,,,,,,,,,Y,1,1,1,1,A,-,03,22350,,N,F,I,A,A,H,-,D,D,0,,,,,Y,,A,01,1,0,0,0,0,0,0,0,0,"- ","- ",38.936100006103516,-122.61538696289062,LAKE,CLEARLAKE,-122.61534118652344,38.936069488525391
9320938,2022,2022-07-26,1702,2022-07-03,1328,240,B,7,5,3,1702,0,0,0,,0,,"3600 OLD HIGHWAY 53","PARK RD",69.00,S,N,A,-,N,,,,,,,,,,Y,1,1,0,1,A,-,03,22350,,N,E,I,A,A,H,-,A,D,0,,,Y,,Y,,C,02,0,0,0,0,0,0,0,1,0,"- ","- ",38.960258483886719,-122.63014984130859,LAKE,CLEARLAKE,-122.46440124511719,40.618095397949219
9354887,2021,2022-03-21,1702,2021-09-16,2039,241,E,4,5,3,1702,0,0,0,,0,,"40TH AV","RT 53",0.00,,Y,A,-,Y,LAK,1,53,-,-,2.960,I,5,S,N,2,0,1,2,A,-,11,21950,B,N,G,B,B,A,H,-,D,D,0,Y,,,,Y,Y,N,60,1,0,0,0,1,0,0,0,0,"- ","- ",38.950721740722656,-122.62315368652344,LAKE,CLEARLAKE,-122.62319183349609,38.950702667236328
9378718,2021,2021-12-21,1702,2021-11-28,2358,240,,7,5,3,1702,0,0,0,,0,,"LAKESHORE DR","RT 53",0.00,,Y,A,-,Y,LAK,1,53,-,-,2.960,I,5,S,Y,2,0,1,2,A,-,11,21950,B,N,G,B,D,A,H,-,C,A,0,Y,,,,Y,,N,60,1,0,0,0,1,0,0,0,0,"- ","- ",38.950721740722656,-122.62315368652344,LAKE,CLEARLAKE,-122.62319183349609,38.950702667236328
9383463,2021,2022-01-07,1702,2021-01-24,1302,217,D,7,5,3,1702,0,0,0,,0,,"LAKEVIEW WY","RIDGEVIEW DR",74.00,W,N,A,-,N,,,,,,,,,,Y,2,0,1,1,A,-,08,22107,,N,E,I,A,A,H,-,A,D,0,,,,,Y,,A,01,1,0,0,0,0,0,0,0,0,"- ","- ",38.936290740966797,-122.62979888916016,LAKE,CLEARLAKE,-122.62966156005859,38.936058044433594
94389198,2024,2024-09-10,9151,2024-07-10,1340,019181,,3,1,9,1700,0,3,5,,2,007,"BOTTLE ROCK RD","SPRING HILL ROAD",1056.00,N,N,A,-,N,,,,,,,,,,Y,1,1,0,1,A,-,03,22350,,N,E,I,A,A,H,-,A,D,0,,,,,Y,,A,01,0,0,0,0,0,0,0,0,0,"- ","- ",38.841190338134766,-122.74786376953125,LAKE,UNINCORPORATED,-122.74701690673828,38.839584350585938
94389206,2024,2024-09-10,9151,2024-04-07,"446 ",023308,,7,3,9,1700,0,1,3,,2,018,SR-29,"13048 SR-29",310.00,N,N,A,-,Y,LAK,,29," "," ",16.666,H,,R,Y,1,1,1,1,A,-,08,22107,,N,E,I,A,A,H,-,D,D,0,,,,,Y,,A,07,0,1,0,0,0,0,0,0,0,"- ","- ",38.865848541259766,-122.62386322021484,LAKE,UNINCORPORATED,-122.62398529052734,38.865894317626953
9441495,2022,2022-05-19,1702,2022-04-28,1640,229,,4,5,3,1702,0,0,0,,0,,"LAKSHORE DR","MONTEREY DR",774.00,E,N,A,-,N,,,,,,,,,,Y,2,0,1,1,A,-,08,22107,,N,F,A,A,A,H,-,A,D,0,,,,,Y,,A,07,1,0,0,0,0,0,0,0,0,"- ","- ",38.981021881103516,-122.68589019775391,LAKE,CLEARLAKE,-122.68578338623047,38.981121063232422
94425073,2024,2024-10-09,9151,2024-10-03,1345,023182,,4,1,9,1700,0,1,3,,1,013,"SR-29 S/B","MM 29 LAK 47.50",1202.00,N,N,A,-,Y,LAK,,29," ",R,47.290,H,,L,Y,2,0,2,1,A,-,03,22350,,N,F,I,A,A,H,-,A,D,0,,,,,Y,,A,01,2,0,0,0,0,0,0,0,0,"- ","- ",39.111209869384766,-122.90972137451172,LAKE,UNINCORPORATED,-122.90959167480469,39.111148834228516
94425232,2024,2024-10-09,9151,2024-06-20,1428,023796,,4,2,9,1700,0,1,3,,2,018,SR-29,"WESTERN MINE ROAD",300.00,N,N,A,-,Y,LAK,,29," "," ",3.723,H,,R,Y,1,1,1,1,C,-,18,,,N,E,I,A,A,H,-,A,D,0,,,,,Y,,-,"- ",1,0,0,0,0,0,0,0,0,"- ","- ",38.726058959960938,-122.61911773681641,LAKE,UNINCORPORATED,-122.61927795410156,38.726016998291016
94430495,2024,2024-10-14,9151,2024-04-28,2200,023308,,7,3,9,1700,0,1,3,,1,011,SR-20,"VERNA WAY",1056.00,E,N,A,-,Y,LAK,,20," "," ",22.046,H,,R,Y,1,1,0,1,A,-,01,23152,F,N,E,I,A,A,H,-,D,D,0,,,,,Y,,A,01,0,0,0,0,0,0,0,0,0,"- ","- ",39.039768218994141,-122.76162719726562,LAKE,UNINCORPORATED,-122.76162719726562,39.039749145507812
94466181,2024,2024-11-12,9151,2024-10-26,1350,024115,,6,1,9,1700,0,1,3,,2,015,SR-29,"THOMAS DRIVE",0.00,,Y,A,-,Y,LAK,,29," ",R,37.444,H,,R,Y,2,0,2,2,A,-,09,21801,A,N,D,C,A,A,H,-,A,A,0,,,,,Y,,A,07,1,0,1,0,0,0,0,0,0,"- ","- ",38.992298126220703,-122.87563323974609,LAKE,UNINCORPORATED,-122.87561798095703,38.992313385009766
9447642,2022,2022-10-04,1702,2022-09-11,1940,217,E,7,5,3,1702,0,0,0,,0,,"32ND AV","OAK AV",11.00,W,N,A,-,N,,,,,,,,,,Y,2,0,2,2,A,-,09,21800,A,F,D,C,A,A,H,-,B,D,0,,,Y,,Y,,C,02,1,0,1,0,0,0,0,0,2,"- ","- ",38.945289611816406,-122.61982727050781,LAKE,CLEARLAKE,-122.61995697021484,38.945381164550781
94478459,2024,2024-11-21,9151,2024-11-12,1500,017904,,2,2,9,1700,0,1,3,,1,023,SR-175,"MATTHEWS RD.",2112.00,W,N,A,-,Y,LAK,,175," "," ",6.449,H,,R,Y,2,0,1,1,A,-,08,22107,,N,F,8,A,A,H,-,A,D,0,,,,Y,Y,,F,26,1,0,0,0,0,0,0,0,0,"- ","- ",38.99713134765625,-122.92008209228516,LAKE,UNINCORPORATED,-122.92008209228516,38.997135162353516
9450766,2022,2022-06-16,1702,2022-05-28,1331,196,,6,5,3,1702,0,0,0,,0,,"ARROWHEAD RD","COUNTRY CLUB DR",366.00,E,N,A,-,N,,,,,,,,,,Y,2,0,1,1,A,-,05,21650,,N,E,I,A,A,H,-,A,D,0,,,,,Y,,A,01,1,0,0,0,0,0,0,0,0,"- ","- ",38.972148895263672,-122.66118621826172,LAKE,CLEARLAKE,-122.66020965576172,38.970932006835938
94512262,2024,2024-12-20,9151,2024-11-25,1529,024115,,1,2,9,1700,0,1,3,,2,015,SR-29,29-LAK-31.80,25.00,N,N,B,-,Y,LAK,,29," "," ",31.827,H,,R,Y,2,0,4,2,A,-,08,22107,,N,A,2,A,B,H,-,A,D,0,,,,,Y,,A,01,4,0,0,0,0,0,0,0,0,"- ","- ",38.942901611328125,-122.80628204345703,LAKE,UNINCORPORATED,-122.80626678466797,38.942878723144531
94528094,2024,2025-01-07,9151,2024-12-14,2022,023648,,6,2,9,1700,0,1,3,,2,018,SR-29,"SPRUCE GROVE RD",2228.00,N,N,A,-,Y,LAK,,29," "," ",12.362,H,,R,N,2,0,1,2,A,-,08,22107,,F,G,B,E,B,H,-,D,D,0,Y,,,,Y,Y,-,"- ",1,0,0,0,1,0,0,0,0,"- ","- ",38.825469970703125,-122.58042907714844,LAKE,UNINCORPORATED,-122.58046722412109,38.825447082519531
94531866,2025,2025-01-09,9151,2025-01-05,1330,017904,,7,1,9,1700,0,1,3,,1,011,SR-20,SR-29,350.00,W,N,A,-,Y,LAK,,20," "," ",8.246,H,,R,Y,2,0,3,3,A,-,03,22350,,N,C,C,A,A,H,-,A,D,0,,,Y,,Y,,C,02,1,2,0,0,0,0,0,0,1,"- ","- ",39.163619995117188,-122.92247009277344,LAKE,UNINCORPORATED,-122.92244720458984,39.163661956787109
94566504,2025,2025-02-05,9151,2025-01-26,"703 ",024102,,7,1,9,1700,0,1,3,,1,011,"RT 20","MM 19.31",100.00,E,N,A,-,Y,LAK,,20," "," ",20.160,H,,R,N,2,0,1,1,A,-,03,22350,,N,F,J,A,A,H,-,B,D,0,,,Y,,Y,,C,02,1,0,0,0,0,0,0,0,1,"- ","- ",39.054370880126953,-122.78265380859375,LAKE,UNINCORPORATED,-122.78260803222656,39.05438232421875
9457669,2022,2022-07-12,1702,2022-06-09,1507,209,,4,5,3,1702,0,0,0,,0,,"LAKESHORE DR","OLD HWY 53",62.00,E,N,A,-,N,,,,,,,,,,N,2,0,1,1,A,-,05,21202,A,N,E,J,A,A,H,-,A,D,0,,,,,Y,,-,,1,0,0,0,0,0,0,0,0,"- ","- ",38.949440002441406,-122.63140106201172,LAKE,CLEARLAKE,-122.62310791015625,38.950710296630859
9457671,2022,2022-07-13,1702,2022-06-10,1942,246,,5,5,3,1702,0,0,0,,0,,"DAM RD EXT","18TH AV",317.00,S,N,A,-,N,,,,,,,,,,Y,2,0,1,2,A,-,03,22350,,N,A,C,A,A,H,-,A,A,0,,,Y,,Y,,C,02,1,0,0,0,0,0,0,0,1,"- ","- ",38.935108184814453,-122.61537933349609,LAKE,CLEARLAKE,-122.61537933349609,38.935203552246094
94585413,2025,2025-02-20,9151,2025-02-01,1635,023796,,6,2,9,1700,0,1,3,,1,022,SR-20,20LAKMPM42.72,450.00,E,N,C,-,Y,LAK,,20," ",R,42.742,H,,R,Y,2,0,1,1,A,-,03,22350,,N,E,I,A,B,H,-,A,D,0,,,,,Y,,A,01,1,0,0,0,0,0,0,0,0,"- ","- ",39.025001525878906,-122.4686279296875,LAKE,UNINCORPORATED,-122.46859741210938,39.025112152099609
94587903,2024,2025-02-24,9151,2024-12-24,"622 ",023971,,2,1,9,1700,0,1,3,,1,016,SR-53,SR-20,3958.00,S,N,C,-,Y,LAK,,53," "," ",6.677,H,,R,Y,1,1,0,2,A,-,08,22107,,N,D,C,A,B,H,-,D,D,0,,,,Y,Y,,A,07,0,0,0,0,0,0,0,0,0,"- ","- ",39.001399993896484,-122.60485076904297,LAKE,UNINCORPORATED,-122.60483551025391,39.001399993896484
94605182,2025,2025-03-18,9151,2025-02-27,"850 ",023648,,4,1,9,1700,0,1,3,,1,012,SR-20,"MPM 23.43",150.00,W,N,A,-,Y,LAK,,20," "," ",23.364,H,,R,Y,2,0,1,2,A,-,08,22107,,N,B,2,A,A,H,-,A,D,0,,,,Y,Y,,A,01,1,0,0,0,0,0,0,0,0,"- ","- ",39.035659790039062,-122.745361328125,LAKE,UNINCORPORATED,-122.74533843994141,39.035663604736328
94612240,2025,2025-04-18,9151,2025-02-15,"30  ",023971,,6,3,9,1700,0,3,5,,2,008,SR-175,"SANTA CLARA ROAD",110.00,W,N,A,-,Y,LAK,,175," "," ",27.735,H,,R,N,2,0,2,1,A,-,08,22107,,F,E,I,A,B,H,-,D,D,0,,,,,Y,,D,22,1,1,0,0,0,0,0,0,0,"- ","- ",38.753719329833984,-122.6204833984375,LAKE,UNINCORPORATED,-122.62052917480469,38.753604888916016
94670382,2024,2025-04-30,9151,2024-05-26,"145 ",023559,,7,3,9,1700,0,1,3,,1,016,SR-53,"MPM .71",183.00,S,N,A,-,Y,LAK,,53," "," ",0.691,H,,R,N,1,1,0,2,A,-,11,21954,A,F,G,B,E,A,H,-,D,D,0,Y,,,,Y,Y,N,60,0,0,0,1,0,0,0,0,0,"- ","- ",38.920150756835938,-122.61253356933594,LAKE,UNINCORPORATED,-122.61251068115234,38.920154571533203
94680673,2025,2025-05-08,9151,2025-04-26,"354 ",024115,,6,3,9,1700,0,1,3,,2,018,SR-29,"MILE MAKER 29LAK14.35",715.00,S,N,C,-,Y,LAK,,29," "," ",14.437,H,,R,Y,2,0,1,2,A,-,01,23152,A,N,A,2,A,B,H,-,D,D,0,,,,Y,Y,Y,A,01,1,0,0,0,0,0,0,0,0,"- ","- ",38.841831207275391,-122.60427856445312,LAKE,UNINCORPORATED,-122.60428619384766,38.841819763183594
94680681,2025,2025-05-08,9151,2025-04-03,1450,023648,,4,2,9,1700,0,2,4,,2,043,"LAKESHORE BLVD","WHALEN WAY",265.00,S,N,A,-,N,,,,,,,,,,Y,2,0,2,2,A,-,01,23152,A,N,G,B,E,A,H,-,A,D,0,Y,,,,Y,Y,A,01,1,1,0,0,1,0,0,0,0,"- ","- ",39.110561370849609,-122.90659332275391,LAKE,UNINCORPORATED,-122.90655517578125,39.110507965087891
94685887,2025,2025-05-13,9151,2025-05-12,"915 ",019181,,1,1,9,1700,0,1,3,,1,024,SR-29,"BAR X RANCH ENTRANCE ROAD",528.00,N,N,B,-,Y,LAK,,29," "," ",7.904,H,,R,Y,2,0,1,1,A,-,08,22107,,N,E,I,A,B,H,-,A,D,0,,,,,Y,,A,01,1,0,0,0,0,0,0,0,0,"- ","- ",38.770301818847656,-122.58608245849609,LAKE,UNINCORPORATED,-122.58614349365234,38.770317077636719
94711106,2025,2025-06-03,9151,2025-05-21,1135,023964,,3,1,9,1700,0,1,3,,1,011,SR-20,"SAYRE AVE",0.00,,Y,A,-,Y,LAK,,20," "," ",13.579,H,,R,Y,2,0,1,2,A,-,03,22350,,N,D,C,A,A,H,-,A,A,0,,,Y,,Y,,C,02,1,0,0,0,0,0,0,0,1,"- ","- ",39.122959136962891,-122.847900390625,LAKE,UNINCORPORATED,-122.847900390625,39.122928619384766
94725060,2025,2025-06-13,9151,2025-06-04,1355,023581,,3,1,9,1700,0,2,4,,2,043,"LAKESHORE BLVD","SHADY LANE",803.00,N,N,A,-,N,,,,,,,,,,N,2,0,1,2,A,-,11,21954,A,N,G,B,E,A,H,-,A,D,0,Y,,,,Y,Y,-,"- ",1,0,0,0,1,0,0,0,0,"- ","- ",39.081890106201172,-122.90453338623047,LAKE,UNINCORPORATED,,
94801294,2025,2025-08-13,9151,2025-06-09,2500,023964,,1,4,9,1700,0,3,5,,2,008,"KNOXVILLE OHV ROAD","HUNTING CREEK CAMPGROUND",3696.00,N,N,A,-,N,,,,,,,,,,Y,1,1,0,1,B,-,22,,,N,F,A,A,A,H,-,A,D,0,,,,,Y,,A,07,0,0,0,0,0,0,0,0,0,"- ","- ",38.808631896972656,-122.37960815429688,LAKE,UNINCORPORATED,,
94807611,2025,2025-08-18,9151,2025-06-19,2500,023851,,4,4,9,1700,0,3,5,,2,001,"HULL MOUNTAIN ROAD","SIMMONS ROAD",10560.00,E,N,A,-,N,,,,,,,,,,N,1,1,0,1,B,-,22,,,N,F,A,A,A,H,-,A,D,0,,,,,Y,,-,"- ",0,0,0,0,0,0,0,0,0,"- ","- ",39.464199066162109,-122.90888214111328,LAKE,UNINCORPORATED,-122.91372680664062,39.458599090576172
9490152,2022,2022-09-26,1702,2022-07-20,0100,217,6A,3,5,3,1702,0,0,0,,0,,"NB RT-53","18TH AV",186.00,S,N,A,-,Y,LAK,1,53,-,-,1.740,H,-,N,Y,1,1,1,2,A,-,11,21954,A,N,G,B,D,A,H,-,D,D,0,Y,,,,Y,Y,N,60,0,1,0,1,0,0,0,0,0,"- ","- ",38.936920166015625,-122.62226867675781,LAKE,CLEARLAKE,-122.62053680419922,38.933647155761719
9492112,2022,2022-10-12,1702,2022-09-04,1953,217,B,7,5,3,1702,0,0,0,,0,,"EMORY AV","MULLEN AV",5.00,E,N,A,-,N,,,,,,,,,,Y,2,0,1,2,A,-,01,23152,A,N,C,E,A,A,H,-,D,D,0,,,Y,,Y,Y,C,02,1,0,0,0,0,0,0,0,1,"- ","- ",38.952381134033203,-122.64185333251953,LAKE,CLEARLAKE,-122.64182281494141,38.952365875244141
9497590,2022,2022-09-20,1702,2022-08-28,1844,217,C,7,5,3,1702,0,0,0,,0,,"LAKESHORE DR","EMORY AV",800.00,W,N,A,-,N,,,,,,,,,,N,2,0,1,1,A,-,00,21968,A,N,F,A,A,A,H,-,A,D,0,,,,,Y,Y,-,,1,0,0,0,0,0,0,0,0,"- ","- ",38.950580596923828,-122.63845825195312,LAKE,CLEARLAKE,-122.63941192626953,38.950672149658203
9518179,2023,2025-07-22,1702,2023-01-17,1743,196,E,2,5,3,1702,0,0,0,,0,,"BOYLES AV","27TH AV",0.00,,Y,A,-,N,,,,,,,,,,Y,1,1,0,2,A,-,03,22350,,N,H,G,A,A,H,-,D,D,0,,Y,,,Y,Y,D,22,0,0,0,0,0,1,0,0,0,"- ","- ",38.941310882568359,-122.61061096191406,LAKE,CLEARLAKE,-122.61061096191406,38.941974639892578
9520457,2022,2023-02-22,1702,2022-07-25,1047,201,B,1,5,3,1702,0,0,0,,0,,"EMORY AV","MULLEN AV",606.00,E,N,A,-,N,,,,,,,,,,Y,1,1,0,3,A,-,00,23103,,N,G,B,A,A,H,-,A,D,0,,,,,Y,,A,01,0,0,0,0,0,0,0,0,0,"- ","- ",38.951930999755859,-122.64010620117188,LAKE,CLEARLAKE,-122.63990783691406,38.951667785644531
9520461,2022,2023-02-17,1702,2022-10-05,0606,217,C,3,5,3,1702,0,0,0,,0,,"LAKESHORE DR","OLD HWY 53",714.00,E,N,A,-,N,,,,,,,,,,Y,1,1,0,2,A,-,10,21950,A,N,G,B,C,A,H,-,D,D,0,Y,,,,Y,,A,01,0,0,0,1,0,0,0,0,0,"- ","- ",38.949810028076172,-122.62875366210938,LAKE,CLEARLAKE,-122.62310791015625,38.950710296630859
9520887,2023,2023-09-27,1701,2023-02-19,1902,44,3F,7,5,2,1701,0,0,0,,0,,"11TH ST","NORTH ST",0.00,,Y,A,-,N,,,,,,,,,,N,1,1,0,2,A,-,11,21956,A,N,G,B,E,A,H,-,C,D,0,Y,,,,Y,,N,60,0,0,0,1,0,0,0,0,0,"- ","- ",,,LAKE,LAKEPORT,-122.91978454589844,39.049003601074219
9522285,2022,2022-11-28,1702,2022-10-26,1515,252,B,3,5,3,1702,0,0,0,,0,,"VILLA WY","OLYMPIC DR",121.00,N,N,A,-,N,,,,,,,,,,N,2,0,1,2,A,-,05,21650,,F,H,G,A,A,H,-,A,D,0,,Y,,,Y,,A,07,1,0,0,0,0,0,1,0,0,"- ","- ",38.961471557617188,-122.64634704589844,LAKE,CLEARLAKE,-122.6466064453125,38.961330413818359
9555319,2023,2025-06-25,1702,2023-02-22,1927,196,D,3,5,3,1702,0,0,0,,0,,"OLD HWY 53","LAKEVIEW AV",39.00,N,N,A,-,N,,,,,,,,,,Y,1,1,0,2,A,-,11,21954,A,N,G,B,D,A,H,-,D,D,0,Y,,,,Y,Y,N,60,0,0,0,1,0,0,0,0,0,"- ","- ",38.941860198974609,-122.63176727294922,LAKE,CLEARLAKE,-122.61221313476562,38.920082092285156
9569172,2023,2023-06-14,1702,2023-05-29,1214,240,D,1,5,3,1702,0,0,0,,0,,"OLD HWY 53","AIRPORT RD",612.00,N,N,A,-,N,,,,,,,,,,Y,2,0,5,2,A,-,08,22105,,F,D,C,A,A,H,-,A,D,0,,,,,Y,,A,01,1,3,1,0,0,0,0,0,0,"- ","- ",38.933269500732422,-122.62461090087891,LAKE,CLEARLAKE,,
9612457,2023,2023-09-21,1702,2023-08-13,2302,196,E,7,5,3,1702,0,0,0,,0,,"42ND AV","IRVING AV",116.00,W,N,A,-,N,,,,,,,,,,N,2,0,1,3,A,-,00,23103,,F,G,B,E,A,H,-,D,D,0,Y,,,,Y,Y,D,22,1,0,0,0,1,0,0,0,0,"- ","- ",38.952049255371094,-122.61353302001953,LAKE,CLEARLAKE,-122.61322784423828,38.951885223388672
9635571,2023,2024-01-25,1702,2023-11-14,1114,241,6A,2,5,3,1702,0,0,0,,0,,"RT 53","OLD HWY 53",0.00,,Y,C,-,N,,,,,,,,,,Y,2,0,2,2,A,-,09,21800,A,N,D,C,A,B,H,-,A,A,0,,,,,Y,,D,22,1,0,1,0,0,0,0,0,0,"- ","- ",38.930019378662109,-122.61887359619141,LAKE,CLEARLAKE,-122.62310791015625,38.950714111328125
9635572,2023,2024-01-23,1702,2023-11-14,1829,217,C,2,5,3,1702,0,0,0,,0,,"LAKESHORE DR","OLD HWY 53",700.00,E,N,A,-,N,,,,,,,,,,Y,2,0,1,3,A,-,10,21950,A,F,G,B,C,B,H,-,D,D,0,Y,,,,Y,,D,22,1,0,0,0,1,0,0,0,0,"- ","- ",38.949390411376953,-122.62856292724609,LAKE,CLEARLAKE,-122.62310791015625,38.950710296630859
9640103,2023,2025-06-24,1702,2023-11-14,1810,201,6A,2,5,3,1702,0,0,0,,0,,"RT 53","LAKESHORE DR",0.00,,N,A,-,Y,LAK,1,53,-,-,2.960,I,5,S,Y,1,1,0,2,A,-,11,21954,A,N,G,B,D,B,H,-,D,D,0,Y,,,,Y,,N,60,0,0,0,1,0,0,0,0,0,"- ","- ",38.950721740722656,-122.62315368652344,LAKE,CLEARLAKE,-122.62312316894531,38.950698852539062
9640496,2024,2024-07-22,1702,2024-03-29,1951,217,1951,5,5,3,1702,0,0,0,,0,00D,"OLD RT 53","HIGHLAND AV",8.00,N,N,C,-,N,,,,,,,,,,Y,1,1,0,2,A,-,07,21658,A,N,G,B,E,B,H,-,D,D,0,Y,,,,Y,,A,01,0,0,0,1,0,0,0,0,0,"- ","- ",38.938438415527344,-122.62821197509766,LAKE,CLEARLAKE,-122.62384796142578,38.940933227539062
9696475,2024,2024-05-24,1702,2024-04-12,"803 ",209,C,5,5,3,1702,0,0,0,,0,,"OLD HWY 53","W 40TH",0.00,,Y,A,-,N,,,,,,,,,,Y,2,0,2,2,A,-,08,22107,A,N,A,C,A,A,H,-,A,D,0,,,,,Y,,A,01,1,0,1,0,0,0,0,0,0,"- ","- ",38.950431823730469,-122.63137817382812,LAKE,CLEARLAKE,-122.62310791015625,38.950714111328125
9702207,2024,2024-06-26,1702,2024-06-04,2054,241,6A,2,5,3,1702,0,0,0,,0,,"RT 53","40TH AV",1782.00,S,N,A,-,N,,,,,,,,,,Y,2,0,1,2,A,-,17,22109,,N,C,C,A,D,H,-,D,D,0,,,Y,,Y,,C,02,1,0,0,0,0,0,0,0,1,"- ","- ",,,LAKE,CLEARLAKE,-122.62328338623047,38.945831298828125
9728078,2024,2024-09-27,1702,2024-07-25,1400,209,6A,4,5,3,1702,0,0,0,,0,,"RT 53","OLD RT 53",0.00,,Y,A,-,Y,LAK,1,53,-,-,1.470,I,5,S,Y,2,0,1,2,A,-,03,22350,A,N,H,C,A,A,H,-,A,A,0,,,,,Y,Y,A,01,1,0,0,0,0,0,0,0,0,"- ","- ",38.930019378662109,-122.61887359619141,LAKE,CLEARLAKE,-122.61906433105469,38.930019378662109
9750159,2024,2024-11-05,1702,2024-09-08,1642,241,E,7,5,3,1702,0,0,0,,0,,"PINE AV","POLK AV",1100.00,S,N,A,-,N,,,,,,,,,,N,2,0,1,2,A,-,03,22350,,N,B,C,A,A,H,-,A,D,0,,,,,Y,,-,,1,0,0,0,0,0,0,0,0,"- ","- ",38.955608367919922,-122.62151336669922,LAKE,CLEARLAKE,-122.62166595458984,38.9569091796875
9797594,2025,2025-04-16,1702,2025-03-13,1944,255,D,4,5,3,1702,0,0,0,,0,,"OLD HWY 53","CYPRESS AV",0.00,,Y,A,-,N,,,,,,,,,,Y,2,0,1,2,A,-,09,21801,,N,A,C,A,A,H,-,D,D,0,,,Y,,Y,,A,01,1,0,0,0,0,0,0,0,1,"- ","- ",38.941558837890625,-122.63150787353516,LAKE,CLEARLAKE,,
9809654,2025,2025-05-20,1702,2025-04-12,1452,195,C,6,5,3,1702,0,0,0,,0,,"AUSTIN RD","SHULTZ AV",107.00,E,N,A,-,N,,,,,,,,,,N,2,0,2,2,A,-,05,21650,,N,A,D,A,A,H,-,A,D,0,,,,,Y,,-,99,1,0,1,0,0,0,0,0,0,"- ","- ",,,LAKE,CLEARLAKE,-122.63694000244141,38.958831787109375